[     932ms] [WARNING] [intlify] Legacy API mode has been deprecated in v11. Use Composition API mode instead.
About how to use the Composition API mode, see https://vue-i18n.intlify.dev/guide/advanced/composition.html @ http://localhost:2889/node_modules/.vite/deps/vue-i18n.js?v=88d4cd7b:123
[  480178ms] [ERROR] Failed to load resource: the server responded with a status of 400 (Bad Request) @ http://localhost:2889/api/blade-auth/token?grantType=captcha&tenantId=000000&account=admin&password=302027ce0659a85268623526602c035157e9d8f785095285ca27a362750b6b4a0ec4ac67aac18f7455b0bdab8b61c0180e92fd581785192580f772ed593717c48fac6c3e67885d7527cd0701f687e2b8bb8781713bf88dd808ee5cc70f2f56792b82c4d770&type=account:0
[  487294ms] [ERROR] Failed to load resource: the server responded with a status of 400 (Bad Request) @ http://localhost:2889/api/blade-auth/token?grantType=captcha&tenantId=000000&account=admin&password=3b2ed3376a9fbb501ca9e7363ecab9e0531bd07fd7393fd93f174d2927683a31ae0ba3c71a5c6902e332816ee2e9df2aa8cf28612ace81a0cf623dc974bf151905d2bd0980d6bf938ef1d3ed367f57bc12edf21b833979305a5b6d8ce5d91986edabdb9914&type=account:0
[  497042ms] [ERROR] Failed to load resource: the server responded with a status of 400 (Bad Request) @ http://localhost:2889/api/blade-auth/token?grantType=captcha&tenantId=000000&account=admin&password=246302b51a76479ce1c3183fbcf0ac34cf6ed893db966e3a9141584d7a7b731329fcdba0597b70c8370a7c647dd6734c801a369d6a3ecdb4e199bf426a1155ff2b93a9c11ae4812621b8b513e93e2e7a7c13faa62f8d1c206fb82150b2562e61a4347d54df&type=account:0
[  508075ms] [LOG] Proxy(Object) @ http://localhost:2889/src/components/third-register/main.vue:27
[  508116ms] [LOG] [Object, Object, Object, Object, Object, Object, Object] @ http://localhost:2889/src/store/modules/user.ts:149
[ 1642944ms] [ERROR] Failed to load resource: the server responded with a status of 404 (Not Found) @ http://localhost:2889/api/blade-develop/datasource/list?current=1&size=10:0
[ 1934987ms] [ERROR] Failed to load resource: the server responded with a status of 404 (Not Found) @ http://localhost:2889/api/blade-report/report/rest/list?current=1&size=10:0
[13529516ms] [ERROR] Failed to load resource: the server responded with a status of 400 (Bad Request) @ http://localhost:2889/api/blade-desk/notice/submit:0
[16493572ms] [ERROR] Failed to load resource: the server responded with a status of 500 (Internal Server Error) @ http://localhost:2889/api/blade-system/client/remove?ids=2094739579532791810:0
[16740682ms] [ERROR] Failed to load resource: the server responded with a status of 404 (Not Found) @ http://localhost:2889/api/blade-develop/datasource/list?current=1&size=10:0
[18019209ms] [ERROR] Failed to load resource: the server responded with a status of 500 (Internal Server Error) @ http://localhost:2889/api/blade-log/error/detail?id=2093285988326535169:0
[19025563ms] [WARNING] [intlify] Not found 'date.t' key in 'zh' locale messages. @ http://localhost:2889/node_modules/.vite/deps/vue-i18n.js?v=88d4cd7b:123
[19025564ms] [WARNING] [intlify] Not found 'date.y' key in 'zh' locale messages. @ http://localhost:2889/node_modules/.vite/deps/vue-i18n.js?v=88d4cd7b:123
[19025564ms] [WARNING] [intlify] Not found 'date.n' key in 'zh' locale messages. @ http://localhost:2889/node_modules/.vite/deps/vue-i18n.js?v=88d4cd7b:123
[19025565ms] [WARNING] [intlify] Not found 'crud.addBtn' key in 'zh' locale messages. @ http://localhost:2889/node_modules/.vite/deps/vue-i18n.js?v=88d4cd7b:123
[19025565ms] [WARNING] [intlify] Not found 'crud.addBtn' key in 'zh' locale messages. @ http://localhost:2889/node_modules/.vite/deps/vue-i18n.js?v=88d4cd7b:123
[19025569ms] [WARNING] [intlify] Not found 'crud.menu' key in 'zh' locale messages. @ http://localhost:2889/node_modules/.vite/deps/vue-i18n.js?v=88d4cd7b:123
[19025572ms] [WARNING] [intlify] Not found 'crud.emptyText' key in 'zh' locale messages. @ http://localhost:2889/node_modules/.vite/deps/vue-i18n.js?v=88d4cd7b:123
[19025580ms] [WARNING] [intlify] Not found 'crud.searchBtn' key in 'zh' locale messages. @ http://localhost:2889/node_modules/.vite/deps/vue-i18n.js?v=88d4cd7b:123
[19025580ms] [WARNING] [intlify] Not found 'crud.emptyBtn' key in 'zh' locale messages. @ http://localhost:2889/node_modules/.vite/deps/vue-i18n.js?v=88d4cd7b:123
[19025583ms] [WARNING] [intlify] Not found 'form.submitBtn' key in 'zh' locale messages. @ http://localhost:2889/node_modules/.vite/deps/vue-i18n.js?v=88d4cd7b:123
[19025584ms] [WARNING] [intlify] Not found 'form.submitBtn' key in 'zh' locale messages. @ http://localhost:2889/node_modules/.vite/deps/vue-i18n.js?v=88d4cd7b:123
[19025585ms] [WARNING] [intlify] Not found 'form.emptyBtn' key in 'zh' locale messages. @ http://localhost:2889/node_modules/.vite/deps/vue-i18n.js?v=88d4cd7b:123
[19025585ms] [WARNING] [intlify] Not found 'form.emptyBtn' key in 'zh' locale messages. @ http://localhost:2889/node_modules/.vite/deps/vue-i18n.js?v=88d4cd7b:123
[19025586ms] [WARNING] [intlify] Not found 'crud.addBtn' key in 'zh' locale messages. @ http://localhost:2889/node_modules/.vite/deps/vue-i18n.js?v=88d4cd7b:123
[19025587ms] [WARNING] [intlify] Not found 'crud.addBtn' key in 'zh' locale messages. @ http://localhost:2889/node_modules/.vite/deps/vue-i18n.js?v=88d4cd7b:123
[19025593ms] [WARNING] [intlify] Not found 'crud.menu' key in 'zh' locale messages. @ http://localhost:2889/node_modules/.vite/deps/vue-i18n.js?v=88d4cd7b:123
[19025594ms] [WARNING] [intlify] Not found 'crud.emptyText' key in 'zh' locale messages. @ http://localhost:2889/node_modules/.vite/deps/vue-i18n.js?v=88d4cd7b:123
[19025600ms] [WARNING] [intlify] Not found 'tip.input' key in 'zh' locale messages. @ http://localhost:2889/node_modules/.vite/deps/vue-i18n.js?v=88d4cd7b:123
[19025602ms] [WARNING] [intlify] Not found 'tip.input' key in 'zh' locale messages. @ http://localhost:2889/node_modules/.vite/deps/vue-i18n.js?v=88d4cd7b:123
[19025605ms] [WARNING] [intlify] Not found 'tip.input' key in 'zh' locale messages. @ http://localhost:2889/node_modules/.vite/deps/vue-i18n.js?v=88d4cd7b:123
[19025606ms] [WARNING] [intlify] Not found 'tip.input' key in 'zh' locale messages. @ http://localhost:2889/node_modules/.vite/deps/vue-i18n.js?v=88d4cd7b:123
[19025607ms] [WARNING] [intlify] Not found 'tip.input' key in 'zh' locale messages. @ http://localhost:2889/node_modules/.vite/deps/vue-i18n.js?v=88d4cd7b:123
[19025609ms] [WARNING] [intlify] Not found 'tip.input' key in 'zh' locale messages. @ http://localhost:2889/node_modules/.vite/deps/vue-i18n.js?v=88d4cd7b:123
[19025612ms] [WARNING] [intlify] Not found 'form.submitBtn' key in 'zh' locale messages. @ http://localhost:2889/node_modules/.vite/deps/vue-i18n.js?v=88d4cd7b:123
[19025612ms] [WARNING] [intlify] Not found 'form.submitBtn' key in 'zh' locale messages. @ http://localhost:2889/node_modules/.vite/deps/vue-i18n.js?v=88d4cd7b:123
[19025613ms] [WARNING] [intlify] Not found 'form.emptyBtn' key in 'zh' locale messages. @ http://localhost:2889/node_modules/.vite/deps/vue-i18n.js?v=88d4cd7b:123
[19025613ms] [WARNING] [intlify] Not found 'form.emptyBtn' key in 'zh' locale messages. @ http://localhost:2889/node_modules/.vite/deps/vue-i18n.js?v=88d4cd7b:123
[19025615ms] [WARNING] [intlify] Not found 'tip.input' key in 'zh' locale messages. @ http://localhost:2889/node_modules/.vite/deps/vue-i18n.js?v=88d4cd7b:123
[19025616ms] [WARNING] [intlify] Not found 'tip.input' key in 'zh' locale messages. @ http://localhost:2889/node_modules/.vite/deps/vue-i18n.js?v=88d4cd7b:123
[19025617ms] [WARNING] [intlify] Not found 'tip.input' key in 'zh' locale messages. @ http://localhost:2889/node_modules/.vite/deps/vue-i18n.js?v=88d4cd7b:123
[19025618ms] [WARNING] [intlify] Not found 'tip.input' key in 'zh' locale messages. @ http://localhost:2889/node_modules/.vite/deps/vue-i18n.js?v=88d4cd7b:123
[19025619ms] [WARNING] [intlify] Not found 'tip.input' key in 'zh' locale messages. @ http://localhost:2889/node_modules/.vite/deps/vue-i18n.js?v=88d4cd7b:123
[19025619ms] [WARNING] [intlify] Not found 'tip.input' key in 'zh' locale messages. @ http://localhost:2889/node_modules/.vite/deps/vue-i18n.js?v=88d4cd7b:123
[19025627ms] [WARNING] [intlify] Not found 'crud.menu' key in 'zh' locale messages. @ http://localhost:2889/node_modules/.vite/deps/vue-i18n.js?v=88d4cd7b:123
[19025629ms] [WARNING] [intlify] Not found 'crud.menu' key in 'zh' locale messages. @ http://localhost:2889/node_modules/.vite/deps/vue-i18n.js?v=88d4cd7b:123
[19025631ms] [WARNING] [intlify] Not found 'crud.emptyText' key in 'zh' locale messages. @ http://localhost:2889/node_modules/.vite/deps/vue-i18n.js?v=88d4cd7b:123
[19025644ms] [WARNING] [intlify] Not found 'tip.input' key in 'zh' locale messages. @ http://localhost:2889/node_modules/.vite/deps/vue-i18n.js?v=88d4cd7b:123
[19025645ms] [WARNING] [intlify] Not found 'tip.input' key in 'zh' locale messages. @ http://localhost:2889/node_modules/.vite/deps/vue-i18n.js?v=88d4cd7b:123
[19025647ms] [WARNING] [intlify] Not found 'tip.input' key in 'zh' locale messages. @ http://localhost:2889/node_modules/.vite/deps/vue-i18n.js?v=88d4cd7b:123
[19025647ms] [WARNING] [intlify] Not found 'tip.input' key in 'zh' locale messages. @ http://localhost:2889/node_modules/.vite/deps/vue-i18n.js?v=88d4cd7b:123
[19025649ms] [WARNING] [intlify] Not found 'tip.input' key in 'zh' locale messages. @ http://localhost:2889/node_modules/.vite/deps/vue-i18n.js?v=88d4cd7b:123
[19025650ms] [WARNING] [intlify] Not found 'tip.input' key in 'zh' locale messages. @ http://localhost:2889/node_modules/.vite/deps/vue-i18n.js?v=88d4cd7b:123
[19025658ms] [WARNING] [intlify] Not found 'form.submitBtn' key in 'zh' locale messages. @ http://localhost:2889/node_modules/.vite/deps/vue-i18n.js?v=88d4cd7b:123
[19025659ms] [WARNING] [intlify] Not found 'form.emptyBtn' key in 'zh' locale messages. @ http://localhost:2889/node_modules/.vite/deps/vue-i18n.js?v=88d4cd7b:123
[19025673ms] [WARNING] [intlify] Not found 'tip.input' key in 'zh' locale messages. @ http://localhost:2889/node_modules/.vite/deps/vue-i18n.js?v=88d4cd7b:123
[19025674ms] [WARNING] [intlify] Not found 'tip.input' key in 'zh' locale messages. @ http://localhost:2889/node_modules/.vite/deps/vue-i18n.js?v=88d4cd7b:123
[19025675ms] [WARNING] [intlify] Not found 'tip.input' key in 'zh' locale messages. @ http://localhost:2889/node_modules/.vite/deps/vue-i18n.js?v=88d4cd7b:123
[19025675ms] [WARNING] [intlify] Not found 'tip.input' key in 'zh' locale messages. @ http://localhost:2889/node_modules/.vite/deps/vue-i18n.js?v=88d4cd7b:123
[19025677ms] [WARNING] [intlify] Not found 'tip.input' key in 'zh' locale messages. @ http://localhost:2889/node_modules/.vite/deps/vue-i18n.js?v=88d4cd7b:123
[19025677ms] [WARNING] [intlify] Not found 'tip.input' key in 'zh' locale messages. @ http://localhost:2889/node_modules/.vite/deps/vue-i18n.js?v=88d4cd7b:123
[19025678ms] [WARNING] [intlify] Not found 'form.submitBtn' key in 'zh' locale messages. @ http://localhost:2889/node_modules/.vite/deps/vue-i18n.js?v=88d4cd7b:123
[19025679ms] [WARNING] [intlify] Not found 'form.emptyBtn' key in 'zh' locale messages. @ http://localhost:2889/node_modules/.vite/deps/vue-i18n.js?v=88d4cd7b:123
[19025682ms] [WARNING] [intlify] Not found 'crud.menu' key in 'zh' locale messages. @ http://localhost:2889/node_modules/.vite/deps/vue-i18n.js?v=88d4cd7b:123
[19025683ms] [WARNING] [intlify] Not found 'crud.menu' key in 'zh' locale messages. @ http://localhost:2889/node_modules/.vite/deps/vue-i18n.js?v=88d4cd7b:123
[19025695ms] [WARNING] [intlify] Not found 'crud.viewBtn' key in 'zh' locale messages. @ http://localhost:2889/node_modules/.vite/deps/vue-i18n.js?v=88d4cd7b:123
[19025695ms] [WARNING] [intlify] Not found 'crud.viewBtn' key in 'zh' locale messages. @ http://localhost:2889/node_modules/.vite/deps/vue-i18n.js?v=88d4cd7b:123
[19025696ms] [WARNING] [intlify] Not found 'crud.editBtn' key in 'zh' locale messages. @ http://localhost:2889/node_modules/.vite/deps/vue-i18n.js?v=88d4cd7b:123
[19025696ms] [WARNING] [intlify] Not found 'crud.editBtn' key in 'zh' locale messages. @ http://localhost:2889/node_modules/.vite/deps/vue-i18n.js?v=88d4cd7b:123
[19025697ms] [WARNING] [intlify] Not found 'crud.delBtn' key in 'zh' locale messages. @ http://localhost:2889/node_modules/.vite/deps/vue-i18n.js?v=88d4cd7b:123
[19025697ms] [WARNING] [intlify] Not found 'crud.delBtn' key in 'zh' locale messages. @ http://localhost:2889/node_modules/.vite/deps/vue-i18n.js?v=88d4cd7b:123
[19025699ms] [WARNING] [intlify] Not found 'crud.viewBtn' key in 'zh' locale messages. @ http://localhost:2889/node_modules/.vite/deps/vue-i18n.js?v=88d4cd7b:123
[19025700ms] [WARNING] [intlify] Not found 'crud.viewBtn' key in 'zh' locale messages. @ http://localhost:2889/node_modules/.vite/deps/vue-i18n.js?v=88d4cd7b:123
[19025700ms] [WARNING] [intlify] Not found 'crud.editBtn' key in 'zh' locale messages. @ http://localhost:2889/node_modules/.vite/deps/vue-i18n.js?v=88d4cd7b:123
[19025700ms] [WARNING] [intlify] Not found 'crud.editBtn' key in 'zh' locale messages. @ http://localhost:2889/node_modules/.vite/deps/vue-i18n.js?v=88d4cd7b:123
[19025701ms] [WARNING] [intlify] Not found 'crud.delBtn' key in 'zh' locale messages. @ http://localhost:2889/node_modules/.vite/deps/vue-i18n.js?v=88d4cd7b:123
[19025701ms] [WARNING] [intlify] Not found 'crud.delBtn' key in 'zh' locale messages. @ http://localhost:2889/node_modules/.vite/deps/vue-i18n.js?v=88d4cd7b:123
[19025704ms] [WARNING] [intlify] Not found 'crud.viewBtn' key in 'zh' locale messages. @ http://localhost:2889/node_modules/.vite/deps/vue-i18n.js?v=88d4cd7b:123
[19025705ms] [WARNING] [intlify] Not found 'crud.viewBtn' key in 'zh' locale messages. @ http://localhost:2889/node_modules/.vite/deps/vue-i18n.js?v=88d4cd7b:123
[19025705ms] [WARNING] [intlify] Not found 'crud.editBtn' key in 'zh' locale messages. @ http://localhost:2889/node_modules/.vite/deps/vue-i18n.js?v=88d4cd7b:123
[19025706ms] [WARNING] [intlify] Not found 'crud.editBtn' key in 'zh' locale messages. @ http://localhost:2889/node_modules/.vite/deps/vue-i18n.js?v=88d4cd7b:123
[19025706ms] [WARNING] [intlify] Not found 'crud.delBtn' key in 'zh' locale messages. @ http://localhost:2889/node_modules/.vite/deps/vue-i18n.js?v=88d4cd7b:123
[19025706ms] [WARNING] [intlify] Not found 'crud.delBtn' key in 'zh' locale messages. @ http://localhost:2889/node_modules/.vite/deps/vue-i18n.js?v=88d4cd7b:123
[19025709ms] [WARNING] [intlify] Not found 'crud.viewBtn' key in 'zh' locale messages. @ http://localhost:2889/node_modules/.vite/deps/vue-i18n.js?v=88d4cd7b:123
[19025709ms] [WARNING] [intlify] Not found 'crud.viewBtn' key in 'zh' locale messages. @ http://localhost:2889/node_modules/.vite/deps/vue-i18n.js?v=88d4cd7b:123
[19025709ms] [WARNING] [intlify] Not found 'crud.editBtn' key in 'zh' locale messages. @ http://localhost:2889/node_modules/.vite/deps/vue-i18n.js?v=88d4cd7b:123
[19025709ms] [WARNING] [intlify] Not found 'crud.editBtn' key in 'zh' locale messages. @ http://localhost:2889/node_modules/.vite/deps/vue-i18n.js?v=88d4cd7b:123
[19025710ms] [WARNING] [intlify] Not found 'crud.delBtn' key in 'zh' locale messages. @ http://localhost:2889/node_modules/.vite/deps/vue-i18n.js?v=88d4cd7b:123
[19025710ms] [WARNING] [intlify] Not found 'crud.delBtn' key in 'zh' locale messages. @ http://localhost:2889/node_modules/.vite/deps/vue-i18n.js?v=88d4cd7b:123
[19025712ms] [WARNING] [intlify] Not found 'crud.viewBtn' key in 'zh' locale messages. @ http://localhost:2889/node_modules/.vite/deps/vue-i18n.js?v=88d4cd7b:123
[19025712ms] [WARNING] [intlify] Not found 'crud.viewBtn' key in 'zh' locale messages. @ http://localhost:2889/node_modules/.vite/deps/vue-i18n.js?v=88d4cd7b:123
[19025713ms] [WARNING] [intlify] Not found 'crud.editBtn' key in 'zh' locale messages. @ http://localhost:2889/node_modules/.vite/deps/vue-i18n.js?v=88d4cd7b:123
[19025713ms] [WARNING] [intlify] Not found 'crud.editBtn' key in 'zh' locale messages. @ http://localhost:2889/node_modules/.vite/deps/vue-i18n.js?v=88d4cd7b:123
[19025713ms] [WARNING] [intlify] Not found 'crud.delBtn' key in 'zh' locale messages. @ http://localhost:2889/node_modules/.vite/deps/vue-i18n.js?v=88d4cd7b:123
[19025714ms] [WARNING] [intlify] Not found 'crud.delBtn' key in 'zh' locale messages. @ http://localhost:2889/node_modules/.vite/deps/vue-i18n.js?v=88d4cd7b:123
[19025716ms] [WARNING] [intlify] Not found 'crud.viewBtn' key in 'zh' locale messages. @ http://localhost:2889/node_modules/.vite/deps/vue-i18n.js?v=88d4cd7b:123
[19025716ms] [WARNING] [intlify] Not found 'crud.viewBtn' key in 'zh' locale messages. @ http://localhost:2889/node_modules/.vite/deps/vue-i18n.js?v=88d4cd7b:123
[19025717ms] [WARNING] [intlify] Not found 'crud.editBtn' key in 'zh' locale messages. @ http://localhost:2889/node_modules/.vite/deps/vue-i18n.js?v=88d4cd7b:123
[19025717ms] [WARNING] [intlify] Not found 'crud.editBtn' key in 'zh' locale messages. @ http://localhost:2889/node_modules/.vite/deps/vue-i18n.js?v=88d4cd7b:123
[19025717ms] [WARNING] [intlify] Not found 'crud.delBtn' key in 'zh' locale messages. @ http://localhost:2889/node_modules/.vite/deps/vue-i18n.js?v=88d4cd7b:123
[19025718ms] [WARNING] [intlify] Not found 'crud.delBtn' key in 'zh' locale messages. @ http://localhost:2889/node_modules/.vite/deps/vue-i18n.js?v=88d4cd7b:123
[19025720ms] [WARNING] [intlify] Not found 'crud.viewBtn' key in 'zh' locale messages. @ http://localhost:2889/node_modules/.vite/deps/vue-i18n.js?v=88d4cd7b:123
[19025721ms] [WARNING] [intlify] Not found 'crud.viewBtn' key in 'zh' locale messages. @ http://localhost:2889/node_modules/.vite/deps/vue-i18n.js?v=88d4cd7b:123
[19025721ms] [WARNING] [intlify] Not found 'crud.editBtn' key in 'zh' locale messages. @ http://localhost:2889/node_modules/.vite/deps/vue-i18n.js?v=88d4cd7b:123
[19025721ms] [WARNING] [intlify] Not found 'crud.editBtn' key in 'zh' locale messages. @ http://localhost:2889/node_modules/.vite/deps/vue-i18n.js?v=88d4cd7b:123
[19025722ms] [WARNING] [intlify] Not found 'crud.delBtn' key in 'zh' locale messages. @ http://localhost:2889/node_modules/.vite/deps/vue-i18n.js?v=88d4cd7b:123
[19025722ms] [WARNING] [intlify] Not found 'crud.delBtn' key in 'zh' locale messages. @ http://localhost:2889/node_modules/.vite/deps/vue-i18n.js?v=88d4cd7b:123
[19025724ms] [WARNING] [intlify] Not found 'crud.viewBtn' key in 'zh' locale messages. @ http://localhost:2889/node_modules/.vite/deps/vue-i18n.js?v=88d4cd7b:123
[19025724ms] [WARNING] [intlify] Not found 'crud.viewBtn' key in 'zh' locale messages. @ http://localhost:2889/node_modules/.vite/deps/vue-i18n.js?v=88d4cd7b:123
[19025725ms] [WARNING] [intlify] Not found 'crud.editBtn' key in 'zh' locale messages. @ http://localhost:2889/node_modules/.vite/deps/vue-i18n.js?v=88d4cd7b:123
[19025725ms] [WARNING] [intlify] Not found 'crud.editBtn' key in 'zh' locale messages. @ http://localhost:2889/node_modules/.vite/deps/vue-i18n.js?v=88d4cd7b:123
[19025726ms] [WARNING] [intlify] Not found 'crud.delBtn' key in 'zh' locale messages. @ http://localhost:2889/node_modules/.vite/deps/vue-i18n.js?v=88d4cd7b:123
[19025726ms] [WARNING] [intlify] Not found 'crud.delBtn' key in 'zh' locale messages. @ http://localhost:2889/node_modules/.vite/deps/vue-i18n.js?v=88d4cd7b:123
[19025728ms] [WARNING] [intlify] Not found 'crud.viewBtn' key in 'zh' locale messages. @ http://localhost:2889/node_modules/.vite/deps/vue-i18n.js?v=88d4cd7b:123
[19025729ms] [WARNING] [intlify] Not found 'crud.viewBtn' key in 'zh' locale messages. @ http://localhost:2889/node_modules/.vite/deps/vue-i18n.js?v=88d4cd7b:123
[19025729ms] [WARNING] [intlify] Not found 'crud.editBtn' key in 'zh' locale messages. @ http://localhost:2889/node_modules/.vite/deps/vue-i18n.js?v=88d4cd7b:123
[19025730ms] [WARNING] [intlify] Not found 'crud.editBtn' key in 'zh' locale messages. @ http://localhost:2889/node_modules/.vite/deps/vue-i18n.js?v=88d4cd7b:123
[19025730ms] [WARNING] [intlify] Not found 'crud.delBtn' key in 'zh' locale messages. @ http://localhost:2889/node_modules/.vite/deps/vue-i18n.js?v=88d4cd7b:123
[19025730ms] [WARNING] [intlify] Not found 'crud.delBtn' key in 'zh' locale messages. @ http://localhost:2889/node_modules/.vite/deps/vue-i18n.js?v=88d4cd7b:123
[19025732ms] [WARNING] [intlify] Not found 'crud.viewBtn' key in 'zh' locale messages. @ http://localhost:2889/node_modules/.vite/deps/vue-i18n.js?v=88d4cd7b:123
[19025732ms] [WARNING] [intlify] Not found 'crud.viewBtn' key in 'zh' locale messages. @ http://localhost:2889/node_modules/.vite/deps/vue-i18n.js?v=88d4cd7b:123
[19025733ms] [WARNING] [intlify] Not found 'crud.editBtn' key in 'zh' locale messages. @ http://localhost:2889/node_modules/.vite/deps/vue-i18n.js?v=88d4cd7b:123
[19025733ms] [WARNING] [intlify] Not found 'crud.editBtn' key in 'zh' locale messages. @ http://localhost:2889/node_modules/.vite/deps/vue-i18n.js?v=88d4cd7b:123
[19025733ms] [WARNING] [intlify] Not found 'crud.delBtn' key in 'zh' locale messages. @ http://localhost:2889/node_modules/.vite/deps/vue-i18n.js?v=88d4cd7b:123
[19025733ms] [WARNING] [intlify] Not found 'crud.delBtn' key in 'zh' locale messages. @ http://localhost:2889/node_modules/.vite/deps/vue-i18n.js?v=88d4cd7b:123
[19025738ms] [WARNING] [intlify] Not found 'crud.viewBtn' key in 'zh' locale messages. @ http://localhost:2889/node_modules/.vite/deps/vue-i18n.js?v=88d4cd7b:123
[19025738ms] [WARNING] [intlify] Not found 'crud.viewBtn' key in 'zh' locale messages. @ http://localhost:2889/node_modules/.vite/deps/vue-i18n.js?v=88d4cd7b:123
[19025738ms] [WARNING] [intlify] Not found 'crud.editBtn' key in 'zh' locale messages. @ http://localhost:2889/node_modules/.vite/deps/vue-i18n.js?v=88d4cd7b:123
[19025738ms] [WARNING] [intlify] Not found 'crud.editBtn' key in 'zh' locale messages. @ http://localhost:2889/node_modules/.vite/deps/vue-i18n.js?v=88d4cd7b:123
[19025739ms] [WARNING] [intlify] Not found 'crud.delBtn' key in 'zh' locale messages. @ http://localhost:2889/node_modules/.vite/deps/vue-i18n.js?v=88d4cd7b:123
[19025739ms] [WARNING] [intlify] Not found 'crud.delBtn' key in 'zh' locale messages. @ http://localhost:2889/node_modules/.vite/deps/vue-i18n.js?v=88d4cd7b:123
[19025742ms] [WARNING] [intlify] Not found 'crud.viewBtn' key in 'zh' locale messages. @ http://localhost:2889/node_modules/.vite/deps/vue-i18n.js?v=88d4cd7b:123
[19025742ms] [WARNING] [intlify] Not found 'crud.viewBtn' key in 'zh' locale messages. @ http://localhost:2889/node_modules/.vite/deps/vue-i18n.js?v=88d4cd7b:123
[19025742ms] [WARNING] [intlify] Not found 'crud.editBtn' key in 'zh' locale messages. @ http://localhost:2889/node_modules/.vite/deps/vue-i18n.js?v=88d4cd7b:123
[19025743ms] [WARNING] [intlify] Not found 'crud.editBtn' key in 'zh' locale messages. @ http://localhost:2889/node_modules/.vite/deps/vue-i18n.js?v=88d4cd7b:123
[19025743ms] [WARNING] [intlify] Not found 'crud.delBtn' key in 'zh' locale messages. @ http://localhost:2889/node_modules/.vite/deps/vue-i18n.js?v=88d4cd7b:123
[19025743ms] [WARNING] [intlify] Not found 'crud.delBtn' key in 'zh' locale messages. @ http://localhost:2889/node_modules/.vite/deps/vue-i18n.js?v=88d4cd7b:123
[19025745ms] [WARNING] [intlify] Not found 'crud.viewBtn' key in 'zh' locale messages. @ http://localhost:2889/node_modules/.vite/deps/vue-i18n.js?v=88d4cd7b:123
[19025745ms] [WARNING] [intlify] Not found 'crud.viewBtn' key in 'zh' locale messages. @ http://localhost:2889/node_modules/.vite/deps/vue-i18n.js?v=88d4cd7b:123
[19025746ms] [WARNING] [intlify] Not found 'crud.editBtn' key in 'zh' locale messages. @ http://localhost:2889/node_modules/.vite/deps/vue-i18n.js?v=88d4cd7b:123
[19025747ms] [WARNING] [intlify] Not found 'crud.editBtn' key in 'zh' locale messages. @ http://localhost:2889/node_modules/.vite/deps/vue-i18n.js?v=88d4cd7b:123
[19025747ms] [WARNING] [intlify] Not found 'crud.delBtn' key in 'zh' locale messages. @ http://localhost:2889/node_modules/.vite/deps/vue-i18n.js?v=88d4cd7b:123
[19025747ms] [WARNING] [intlify] Not found 'crud.delBtn' key in 'zh' locale messages. @ http://localhost:2889/node_modules/.vite/deps/vue-i18n.js?v=88d4cd7b:123
[19025750ms] [WARNING] [intlify] Not found 'crud.viewBtn' key in 'zh' locale messages. @ http://localhost:2889/node_modules/.vite/deps/vue-i18n.js?v=88d4cd7b:123
[19025751ms] [WARNING] [intlify] Not found 'crud.viewBtn' key in 'zh' locale messages. @ http://localhost:2889/node_modules/.vite/deps/vue-i18n.js?v=88d4cd7b:123
[19025751ms] [WARNING] [intlify] Not found 'crud.editBtn' key in 'zh' locale messages. @ http://localhost:2889/node_modules/.vite/deps/vue-i18n.js?v=88d4cd7b:123
[19025751ms] [WARNING] [intlify] Not found 'crud.editBtn' key in 'zh' locale messages. @ http://localhost:2889/node_modules/.vite/deps/vue-i18n.js?v=88d4cd7b:123
[19025752ms] [WARNING] [intlify] Not found 'crud.delBtn' key in 'zh' locale messages. @ http://localhost:2889/node_modules/.vite/deps/vue-i18n.js?v=88d4cd7b:123
[19025752ms] [WARNING] [intlify] Not found 'crud.delBtn' key in 'zh' locale messages. @ http://localhost:2889/node_modules/.vite/deps/vue-i18n.js?v=88d4cd7b:123
[19025755ms] [WARNING] [intlify] Not found 'crud.viewBtn' key in 'zh' locale messages. @ http://localhost:2889/node_modules/.vite/deps/vue-i18n.js?v=88d4cd7b:123
[19025755ms] [WARNING] [intlify] Not found 'crud.viewBtn' key in 'zh' locale messages. @ http://localhost:2889/node_modules/.vite/deps/vue-i18n.js?v=88d4cd7b:123
[19025756ms] [WARNING] [intlify] Not found 'crud.editBtn' key in 'zh' locale messages. @ http://localhost:2889/node_modules/.vite/deps/vue-i18n.js?v=88d4cd7b:123
[19025756ms] [WARNING] [intlify] Not found 'crud.editBtn' key in 'zh' locale messages. @ http://localhost:2889/node_modules/.vite/deps/vue-i18n.js?v=88d4cd7b:123
[19025757ms] [WARNING] [intlify] Not found 'crud.delBtn' key in 'zh' locale messages. @ http://localhost:2889/node_modules/.vite/deps/vue-i18n.js?v=88d4cd7b:123
[19025757ms] [WARNING] [intlify] Not found 'crud.delBtn' key in 'zh' locale messages. @ http://localhost:2889/node_modules/.vite/deps/vue-i18n.js?v=88d4cd7b:123
[19025759ms] [WARNING] [intlify] Not found 'crud.viewBtn' key in 'zh' locale messages. @ http://localhost:2889/node_modules/.vite/deps/vue-i18n.js?v=88d4cd7b:123
[19025759ms] [WARNING] [intlify] Not found 'crud.viewBtn' key in 'zh' locale messages. @ http://localhost:2889/node_modules/.vite/deps/vue-i18n.js?v=88d4cd7b:123
[19025759ms] [WARNING] [intlify] Not found 'crud.editBtn' key in 'zh' locale messages. @ http://localhost:2889/node_modules/.vite/deps/vue-i18n.js?v=88d4cd7b:123
[19025759ms] [WARNING] [intlify] Not found 'crud.editBtn' key in 'zh' locale messages. @ http://localhost:2889/node_modules/.vite/deps/vue-i18n.js?v=88d4cd7b:123
[19025760ms] [WARNING] [intlify] Not found 'crud.delBtn' key in 'zh' locale messages. @ http://localhost:2889/node_modules/.vite/deps/vue-i18n.js?v=88d4cd7b:123
[19025760ms] [WARNING] [intlify] Not found 'crud.delBtn' key in 'zh' locale messages. @ http://localhost:2889/node_modules/.vite/deps/vue-i18n.js?v=88d4cd7b:123
[19025761ms] [WARNING] [intlify] Not found 'crud.viewBtn' key in 'zh' locale messages. @ http://localhost:2889/node_modules/.vite/deps/vue-i18n.js?v=88d4cd7b:123
[19025762ms] [WARNING] [intlify] Not found 'crud.viewBtn' key in 'zh' locale messages. @ http://localhost:2889/node_modules/.vite/deps/vue-i18n.js?v=88d4cd7b:123
[19025762ms] [WARNING] [intlify] Not found 'crud.editBtn' key in 'zh' locale messages. @ http://localhost:2889/node_modules/.vite/deps/vue-i18n.js?v=88d4cd7b:123
[19025762ms] [WARNING] [intlify] Not found 'crud.editBtn' key in 'zh' locale messages. @ http://localhost:2889/node_modules/.vite/deps/vue-i18n.js?v=88d4cd7b:123
[19025763ms] [WARNING] [intlify] Not found 'crud.delBtn' key in 'zh' locale messages. @ http://localhost:2889/node_modules/.vite/deps/vue-i18n.js?v=88d4cd7b:123
[19025763ms] [WARNING] [intlify] Not found 'crud.delBtn' key in 'zh' locale messages. @ http://localhost:2889/node_modules/.vite/deps/vue-i18n.js?v=88d4cd7b:123
[19025765ms] [WARNING] [intlify] Not found 'crud.viewBtn' key in 'zh' locale messages. @ http://localhost:2889/node_modules/.vite/deps/vue-i18n.js?v=88d4cd7b:123
[19025766ms] [WARNING] [intlify] Not found 'crud.viewBtn' key in 'zh' locale messages. @ http://localhost:2889/node_modules/.vite/deps/vue-i18n.js?v=88d4cd7b:123
[19025767ms] [WARNING] [intlify] Not found 'crud.editBtn' key in 'zh' locale messages. @ http://localhost:2889/node_modules/.vite/deps/vue-i18n.js?v=88d4cd7b:123
[19025767ms] [WARNING] [intlify] Not found 'crud.editBtn' key in 'zh' locale messages. @ http://localhost:2889/node_modules/.vite/deps/vue-i18n.js?v=88d4cd7b:123
[19025768ms] [WARNING] [intlify] Not found 'crud.delBtn' key in 'zh' locale messages. @ http://localhost:2889/node_modules/.vite/deps/vue-i18n.js?v=88d4cd7b:123
[19025768ms] [WARNING] [intlify] Not found 'crud.delBtn' key in 'zh' locale messages. @ http://localhost:2889/node_modules/.vite/deps/vue-i18n.js?v=88d4cd7b:123
[19025770ms] [WARNING] [intlify] Not found 'crud.viewBtn' key in 'zh' locale messages. @ http://localhost:2889/node_modules/.vite/deps/vue-i18n.js?v=88d4cd7b:123
[19025770ms] [WARNING] [intlify] Not found 'crud.viewBtn' key in 'zh' locale messages. @ http://localhost:2889/node_modules/.vite/deps/vue-i18n.js?v=88d4cd7b:123
[19025771ms] [WARNING] [intlify] Not found 'crud.editBtn' key in 'zh' locale messages. @ http://localhost:2889/node_modules/.vite/deps/vue-i18n.js?v=88d4cd7b:123
[19025771ms] [WARNING] [intlify] Not found 'crud.editBtn' key in 'zh' locale messages. @ http://localhost:2889/node_modules/.vite/deps/vue-i18n.js?v=88d4cd7b:123
[19025772ms] [WARNING] [intlify] Not found 'crud.delBtn' key in 'zh' locale messages. @ http://localhost:2889/node_modules/.vite/deps/vue-i18n.js?v=88d4cd7b:123
[19025772ms] [WARNING] [intlify] Not found 'crud.delBtn' key in 'zh' locale messages. @ http://localhost:2889/node_modules/.vite/deps/vue-i18n.js?v=88d4cd7b:123
[19025774ms] [WARNING] [intlify] Not found 'crud.viewBtn' key in 'zh' locale messages. @ http://localhost:2889/node_modules/.vite/deps/vue-i18n.js?v=88d4cd7b:123
[19025774ms] [WARNING] [intlify] Not found 'crud.viewBtn' key in 'zh' locale messages. @ http://localhost:2889/node_modules/.vite/deps/vue-i18n.js?v=88d4cd7b:123
[19025774ms] [WARNING] [intlify] Not found 'crud.editBtn' key in 'zh' locale messages. @ http://localhost:2889/node_modules/.vite/deps/vue-i18n.js?v=88d4cd7b:123
[19025774ms] [WARNING] [intlify] Not found 'crud.editBtn' key in 'zh' locale messages. @ http://localhost:2889/node_modules/.vite/deps/vue-i18n.js?v=88d4cd7b:123
[19025775ms] [WARNING] [intlify] Not found 'crud.delBtn' key in 'zh' locale messages. @ http://localhost:2889/node_modules/.vite/deps/vue-i18n.js?v=88d4cd7b:123
[19025775ms] [WARNING] [intlify] Not found 'crud.delBtn' key in 'zh' locale messages. @ http://localhost:2889/node_modules/.vite/deps/vue-i18n.js?v=88d4cd7b:123
[19025777ms] [WARNING] [intlify] Not found 'crud.viewBtn' key in 'zh' locale messages. @ http://localhost:2889/node_modules/.vite/deps/vue-i18n.js?v=88d4cd7b:123
[19025777ms] [WARNING] [intlify] Not found 'crud.viewBtn' key in 'zh' locale messages. @ http://localhost:2889/node_modules/.vite/deps/vue-i18n.js?v=88d4cd7b:123
[19025778ms] [WARNING] [intlify] Not found 'crud.editBtn' key in 'zh' locale messages. @ http://localhost:2889/node_modules/.vite/deps/vue-i18n.js?v=88d4cd7b:123
[19025778ms] [WARNING] [intlify] Not found 'crud.editBtn' key in 'zh' locale messages. @ http://localhost:2889/node_modules/.vite/deps/vue-i18n.js?v=88d4cd7b:123
[19025779ms] [WARNING] [intlify] Not found 'crud.delBtn' key in 'zh' locale messages. @ http://localhost:2889/node_modules/.vite/deps/vue-i18n.js?v=88d4cd7b:123
[19025779ms] [WARNING] [intlify] Not found 'crud.delBtn' key in 'zh' locale messages. @ http://localhost:2889/node_modules/.vite/deps/vue-i18n.js?v=88d4cd7b:123
[19025781ms] [WARNING] [intlify] Not found 'crud.viewBtn' key in 'zh' locale messages. @ http://localhost:2889/node_modules/.vite/deps/vue-i18n.js?v=88d4cd7b:123
[19025781ms] [WARNING] [intlify] Not found 'crud.viewBtn' key in 'zh' locale messages. @ http://localhost:2889/node_modules/.vite/deps/vue-i18n.js?v=88d4cd7b:123
[19025782ms] [WARNING] [intlify] Not found 'crud.editBtn' key in 'zh' locale messages. @ http://localhost:2889/node_modules/.vite/deps/vue-i18n.js?v=88d4cd7b:123
[19025782ms] [WARNING] [intlify] Not found 'crud.editBtn' key in 'zh' locale messages. @ http://localhost:2889/node_modules/.vite/deps/vue-i18n.js?v=88d4cd7b:123
[19025782ms] [WARNING] [intlify] Not found 'crud.delBtn' key in 'zh' locale messages. @ http://localhost:2889/node_modules/.vite/deps/vue-i18n.js?v=88d4cd7b:123
[19025783ms] [WARNING] [intlify] Not found 'crud.delBtn' key in 'zh' locale messages. @ http://localhost:2889/node_modules/.vite/deps/vue-i18n.js?v=88d4cd7b:123
[19025784ms] [WARNING] [intlify] Not found 'crud.viewBtn' key in 'zh' locale messages. @ http://localhost:2889/node_modules/.vite/deps/vue-i18n.js?v=88d4cd7b:123
[19025784ms] [WARNING] [intlify] Not found 'crud.viewBtn' key in 'zh' locale messages. @ http://localhost:2889/node_modules/.vite/deps/vue-i18n.js?v=88d4cd7b:123
[19025785ms] [WARNING] [intlify] Not found 'crud.editBtn' key in 'zh' locale messages. @ http://localhost:2889/node_modules/.vite/deps/vue-i18n.js?v=88d4cd7b:123
[19025785ms] [WARNING] [intlify] Not found 'crud.editBtn' key in 'zh' locale messages. @ http://localhost:2889/node_modules/.vite/deps/vue-i18n.js?v=88d4cd7b:123
[19025785ms] [WARNING] [intlify] Not found 'crud.delBtn' key in 'zh' locale messages. @ http://localhost:2889/node_modules/.vite/deps/vue-i18n.js?v=88d4cd7b:123
[19025785ms] [WARNING] [intlify] Not found 'crud.delBtn' key in 'zh' locale messages. @ http://localhost:2889/node_modules/.vite/deps/vue-i18n.js?v=88d4cd7b:123
[19025787ms] [WARNING] [intlify] Not found 'crud.viewBtn' key in 'zh' locale messages. @ http://localhost:2889/node_modules/.vite/deps/vue-i18n.js?v=88d4cd7b:123
[19025787ms] [WARNING] [intlify] Not found 'crud.viewBtn' key in 'zh' locale messages. @ http://localhost:2889/node_modules/.vite/deps/vue-i18n.js?v=88d4cd7b:123
[19025788ms] [WARNING] [intlify] Not found 'crud.editBtn' key in 'zh' locale messages. @ http://localhost:2889/node_modules/.vite/deps/vue-i18n.js?v=88d4cd7b:123
[19025788ms] [WARNING] [intlify] Not found 'crud.editBtn' key in 'zh' locale messages. @ http://localhost:2889/node_modules/.vite/deps/vue-i18n.js?v=88d4cd7b:123
[19025789ms] [WARNING] [intlify] Not found 'crud.delBtn' key in 'zh' locale messages. @ http://localhost:2889/node_modules/.vite/deps/vue-i18n.js?v=88d4cd7b:123
[19025789ms] [WARNING] [intlify] Not found 'crud.delBtn' key in 'zh' locale messages. @ http://localhost:2889/node_modules/.vite/deps/vue-i18n.js?v=88d4cd7b:123
[19025790ms] [WARNING] [intlify] Not found 'crud.viewBtn' key in 'zh' locale messages. @ http://localhost:2889/node_modules/.vite/deps/vue-i18n.js?v=88d4cd7b:123
[19025791ms] [WARNING] [intlify] Not found 'crud.viewBtn' key in 'zh' locale messages. @ http://localhost:2889/node_modules/.vite/deps/vue-i18n.js?v=88d4cd7b:123
[19025791ms] [WARNING] [intlify] Not found 'crud.editBtn' key in 'zh' locale messages. @ http://localhost:2889/node_modules/.vite/deps/vue-i18n.js?v=88d4cd7b:123
[19025791ms] [WARNING] [intlify] Not found 'crud.editBtn' key in 'zh' locale messages. @ http://localhost:2889/node_modules/.vite/deps/vue-i18n.js?v=88d4cd7b:123
[19025792ms] [WARNING] [intlify] Not found 'crud.delBtn' key in 'zh' locale messages. @ http://localhost:2889/node_modules/.vite/deps/vue-i18n.js?v=88d4cd7b:123
[19025792ms] [WARNING] [intlify] Not found 'crud.delBtn' key in 'zh' locale messages. @ http://localhost:2889/node_modules/.vite/deps/vue-i18n.js?v=88d4cd7b:123
[19025794ms] [WARNING] [intlify] Not found 'crud.viewBtn' key in 'zh' locale messages. @ http://localhost:2889/node_modules/.vite/deps/vue-i18n.js?v=88d4cd7b:123
[19025794ms] [WARNING] [intlify] Not found 'crud.viewBtn' key in 'zh' locale messages. @ http://localhost:2889/node_modules/.vite/deps/vue-i18n.js?v=88d4cd7b:123
[19025795ms] [WARNING] [intlify] Not found 'crud.editBtn' key in 'zh' locale messages. @ http://localhost:2889/node_modules/.vite/deps/vue-i18n.js?v=88d4cd7b:123
[19025795ms] [WARNING] [intlify] Not found 'crud.editBtn' key in 'zh' locale messages. @ http://localhost:2889/node_modules/.vite/deps/vue-i18n.js?v=88d4cd7b:123
[19025795ms] [WARNING] [intlify] Not found 'crud.delBtn' key in 'zh' locale messages. @ http://localhost:2889/node_modules/.vite/deps/vue-i18n.js?v=88d4cd7b:123
[19025796ms] [WARNING] [intlify] Not found 'crud.delBtn' key in 'zh' locale messages. @ http://localhost:2889/node_modules/.vite/deps/vue-i18n.js?v=88d4cd7b:123
[19025798ms] [WARNING] [intlify] Not found 'crud.viewBtn' key in 'zh' locale messages. @ http://localhost:2889/node_modules/.vite/deps/vue-i18n.js?v=88d4cd7b:123
[19025798ms] [WARNING] [intlify] Not found 'crud.viewBtn' key in 'zh' locale messages. @ http://localhost:2889/node_modules/.vite/deps/vue-i18n.js?v=88d4cd7b:123
[19025799ms] [WARNING] [intlify] Not found 'crud.editBtn' key in 'zh' locale messages. @ http://localhost:2889/node_modules/.vite/deps/vue-i18n.js?v=88d4cd7b:123
[19025799ms] [WARNING] [intlify] Not found 'crud.editBtn' key in 'zh' locale messages. @ http://localhost:2889/node_modules/.vite/deps/vue-i18n.js?v=88d4cd7b:123
[19025800ms] [WARNING] [intlify] Not found 'crud.delBtn' key in 'zh' locale messages. @ http://localhost:2889/node_modules/.vite/deps/vue-i18n.js?v=88d4cd7b:123
[19025800ms] [WARNING] [intlify] Not found 'crud.delBtn' key in 'zh' locale messages. @ http://localhost:2889/node_modules/.vite/deps/vue-i18n.js?v=88d4cd7b:123
[19025802ms] [WARNING] [intlify] Not found 'crud.viewBtn' key in 'zh' locale messages. @ http://localhost:2889/node_modules/.vite/deps/vue-i18n.js?v=88d4cd7b:123
[19025802ms] [WARNING] [intlify] Not found 'crud.viewBtn' key in 'zh' locale messages. @ http://localhost:2889/node_modules/.vite/deps/vue-i18n.js?v=88d4cd7b:123
[19025802ms] [WARNING] [intlify] Not found 'crud.editBtn' key in 'zh' locale messages. @ http://localhost:2889/node_modules/.vite/deps/vue-i18n.js?v=88d4cd7b:123
[19025802ms] [WARNING] [intlify] Not found 'crud.editBtn' key in 'zh' locale messages. @ http://localhost:2889/node_modules/.vite/deps/vue-i18n.js?v=88d4cd7b:123
[19025803ms] [WARNING] [intlify] Not found 'crud.delBtn' key in 'zh' locale messages. @ http://localhost:2889/node_modules/.vite/deps/vue-i18n.js?v=88d4cd7b:123
[19025803ms] [WARNING] [intlify] Not found 'crud.delBtn' key in 'zh' locale messages. @ http://localhost:2889/node_modules/.vite/deps/vue-i18n.js?v=88d4cd7b:123
[19025807ms] [WARNING] [intlify] Not found 'crud.viewBtn' key in 'zh' locale messages. @ http://localhost:2889/node_modules/.vite/deps/vue-i18n.js?v=88d4cd7b:123
[19025807ms] [WARNING] [intlify] Not found 'crud.viewBtn' key in 'zh' locale messages. @ http://localhost:2889/node_modules/.vite/deps/vue-i18n.js?v=88d4cd7b:123
[19025808ms] [WARNING] [intlify] Not found 'crud.editBtn' key in 'zh' locale messages. @ http://localhost:2889/node_modules/.vite/deps/vue-i18n.js?v=88d4cd7b:123
[19025808ms] [WARNING] [intlify] Not found 'crud.editBtn' key in 'zh' locale messages. @ http://localhost:2889/node_modules/.vite/deps/vue-i18n.js?v=88d4cd7b:123
[19025809ms] [WARNING] [intlify] Not found 'crud.delBtn' key in 'zh' locale messages. @ http://localhost:2889/node_modules/.vite/deps/vue-i18n.js?v=88d4cd7b:123
[19025809ms] [WARNING] [intlify] Not found 'crud.delBtn' key in 'zh' locale messages. @ http://localhost:2889/node_modules/.vite/deps/vue-i18n.js?v=88d4cd7b:123
[19025811ms] [WARNING] [intlify] Not found 'crud.viewBtn' key in 'zh' locale messages. @ http://localhost:2889/node_modules/.vite/deps/vue-i18n.js?v=88d4cd7b:123
[19025811ms] [WARNING] [intlify] Not found 'crud.viewBtn' key in 'zh' locale messages. @ http://localhost:2889/node_modules/.vite/deps/vue-i18n.js?v=88d4cd7b:123
[19025812ms] [WARNING] [intlify] Not found 'crud.editBtn' key in 'zh' locale messages. @ http://localhost:2889/node_modules/.vite/deps/vue-i18n.js?v=88d4cd7b:123
[19025812ms] [WARNING] [intlify] Not found 'crud.editBtn' key in 'zh' locale messages. @ http://localhost:2889/node_modules/.vite/deps/vue-i18n.js?v=88d4cd7b:123
[19025813ms] [WARNING] [intlify] Not found 'crud.delBtn' key in 'zh' locale messages. @ http://localhost:2889/node_modules/.vite/deps/vue-i18n.js?v=88d4cd7b:123
[19025813ms] [WARNING] [intlify] Not found 'crud.delBtn' key in 'zh' locale messages. @ http://localhost:2889/node_modules/.vite/deps/vue-i18n.js?v=88d4cd7b:123
[19025815ms] [WARNING] [intlify] Not found 'crud.viewBtn' key in 'zh' locale messages. @ http://localhost:2889/node_modules/.vite/deps/vue-i18n.js?v=88d4cd7b:123
[19025815ms] [WARNING] [intlify] Not found 'crud.viewBtn' key in 'zh' locale messages. @ http://localhost:2889/node_modules/.vite/deps/vue-i18n.js?v=88d4cd7b:123
[19025815ms] [WARNING] [intlify] Not found 'crud.editBtn' key in 'zh' locale messages. @ http://localhost:2889/node_modules/.vite/deps/vue-i18n.js?v=88d4cd7b:123
[19025816ms] [WARNING] [intlify] Not found 'crud.editBtn' key in 'zh' locale messages. @ http://localhost:2889/node_modules/.vite/deps/vue-i18n.js?v=88d4cd7b:123
[19025816ms] [WARNING] [intlify] Not found 'crud.delBtn' key in 'zh' locale messages. @ http://localhost:2889/node_modules/.vite/deps/vue-i18n.js?v=88d4cd7b:123
[19025816ms] [WARNING] [intlify] Not found 'crud.delBtn' key in 'zh' locale messages. @ http://localhost:2889/node_modules/.vite/deps/vue-i18n.js?v=88d4cd7b:123
[19025817ms] [WARNING] [intlify] Not found 'crud.viewBtn' key in 'zh' locale messages. @ http://localhost:2889/node_modules/.vite/deps/vue-i18n.js?v=88d4cd7b:123
[19025818ms] [WARNING] [intlify] Not found 'crud.viewBtn' key in 'zh' locale messages. @ http://localhost:2889/node_modules/.vite/deps/vue-i18n.js?v=88d4cd7b:123
[19025818ms] [WARNING] [intlify] Not found 'crud.editBtn' key in 'zh' locale messages. @ http://localhost:2889/node_modules/.vite/deps/vue-i18n.js?v=88d4cd7b:123
[19025818ms] [WARNING] [intlify] Not found 'crud.editBtn' key in 'zh' locale messages. @ http://localhost:2889/node_modules/.vite/deps/vue-i18n.js?v=88d4cd7b:123
[19025818ms] [WARNING] [intlify] Not found 'crud.delBtn' key in 'zh' locale messages. @ http://localhost:2889/node_modules/.vite/deps/vue-i18n.js?v=88d4cd7b:123
[19025819ms] [WARNING] [intlify] Not found 'crud.delBtn' key in 'zh' locale messages. @ http://localhost:2889/node_modules/.vite/deps/vue-i18n.js?v=88d4cd7b:123
[19025820ms] [WARNING] [intlify] Not found 'crud.viewBtn' key in 'zh' locale messages. @ http://localhost:2889/node_modules/.vite/deps/vue-i18n.js?v=88d4cd7b:123
[19025821ms] [WARNING] [intlify] Not found 'crud.viewBtn' key in 'zh' locale messages. @ http://localhost:2889/node_modules/.vite/deps/vue-i18n.js?v=88d4cd7b:123
[19025821ms] [WARNING] [intlify] Not found 'crud.editBtn' key in 'zh' locale messages. @ http://localhost:2889/node_modules/.vite/deps/vue-i18n.js?v=88d4cd7b:123
[19025821ms] [WARNING] [intlify] Not found 'crud.editBtn' key in 'zh' locale messages. @ http://localhost:2889/node_modules/.vite/deps/vue-i18n.js?v=88d4cd7b:123
[19025822ms] [WARNING] [intlify] Not found 'crud.delBtn' key in 'zh' locale messages. @ http://localhost:2889/node_modules/.vite/deps/vue-i18n.js?v=88d4cd7b:123
[19025822ms] [WARNING] [intlify] Not found 'crud.delBtn' key in 'zh' locale messages. @ http://localhost:2889/node_modules/.vite/deps/vue-i18n.js?v=88d4cd7b:123
[19025823ms] [WARNING] [intlify] Not found 'crud.viewBtn' key in 'zh' locale messages. @ http://localhost:2889/node_modules/.vite/deps/vue-i18n.js?v=88d4cd7b:123
[19025823ms] [WARNING] [intlify] Not found 'crud.viewBtn' key in 'zh' locale messages. @ http://localhost:2889/node_modules/.vite/deps/vue-i18n.js?v=88d4cd7b:123
[19025824ms] [WARNING] [intlify] Not found 'crud.editBtn' key in 'zh' locale messages. @ http://localhost:2889/node_modules/.vite/deps/vue-i18n.js?v=88d4cd7b:123
[19025824ms] [WARNING] [intlify] Not found 'crud.editBtn' key in 'zh' locale messages. @ http://localhost:2889/node_modules/.vite/deps/vue-i18n.js?v=88d4cd7b:123
[19025825ms] [WARNING] [intlify] Not found 'crud.delBtn' key in 'zh' locale messages. @ http://localhost:2889/node_modules/.vite/deps/vue-i18n.js?v=88d4cd7b:123
[19025825ms] [WARNING] [intlify] Not found 'crud.delBtn' key in 'zh' locale messages. @ http://localhost:2889/node_modules/.vite/deps/vue-i18n.js?v=88d4cd7b:123
[19025827ms] [WARNING] [intlify] Not found 'crud.viewBtn' key in 'zh' locale messages. @ http://localhost:2889/node_modules/.vite/deps/vue-i18n.js?v=88d4cd7b:123
[19025827ms] [WARNING] [intlify] Not found 'crud.viewBtn' key in 'zh' locale messages. @ http://localhost:2889/node_modules/.vite/deps/vue-i18n.js?v=88d4cd7b:123
[19025828ms] [WARNING] [intlify] Not found 'crud.editBtn' key in 'zh' locale messages. @ http://localhost:2889/node_modules/.vite/deps/vue-i18n.js?v=88d4cd7b:123
[19025828ms] [WARNING] [intlify] Not found 'crud.editBtn' key in 'zh' locale messages. @ http://localhost:2889/node_modules/.vite/deps/vue-i18n.js?v=88d4cd7b:123
[19025828ms] [WARNING] [intlify] Not found 'crud.delBtn' key in 'zh' locale messages. @ http://localhost:2889/node_modules/.vite/deps/vue-i18n.js?v=88d4cd7b:123
[19025829ms] [WARNING] [intlify] Not found 'crud.delBtn' key in 'zh' locale messages. @ http://localhost:2889/node_modules/.vite/deps/vue-i18n.js?v=88d4cd7b:123
[19025830ms] [WARNING] [intlify] Not found 'crud.viewBtn' key in 'zh' locale messages. @ http://localhost:2889/node_modules/.vite/deps/vue-i18n.js?v=88d4cd7b:123
[19025830ms] [WARNING] [intlify] Not found 'crud.viewBtn' key in 'zh' locale messages. @ http://localhost:2889/node_modules/.vite/deps/vue-i18n.js?v=88d4cd7b:123
[19025831ms] [WARNING] [intlify] Not found 'crud.editBtn' key in 'zh' locale messages. @ http://localhost:2889/node_modules/.vite/deps/vue-i18n.js?v=88d4cd7b:123
[19025831ms] [WARNING] [intlify] Not found 'crud.editBtn' key in 'zh' locale messages. @ http://localhost:2889/node_modules/.vite/deps/vue-i18n.js?v=88d4cd7b:123
[19025832ms] [WARNING] [intlify] Not found 'crud.delBtn' key in 'zh' locale messages. @ http://localhost:2889/node_modules/.vite/deps/vue-i18n.js?v=88d4cd7b:123
[19025832ms] [WARNING] [intlify] Not found 'crud.delBtn' key in 'zh' locale messages. @ http://localhost:2889/node_modules/.vite/deps/vue-i18n.js?v=88d4cd7b:123
[19025834ms] [WARNING] [intlify] Not found 'crud.viewBtn' key in 'zh' locale messages. @ http://localhost:2889/node_modules/.vite/deps/vue-i18n.js?v=88d4cd7b:123
[19025835ms] [WARNING] [intlify] Not found 'crud.viewBtn' key in 'zh' locale messages. @ http://localhost:2889/node_modules/.vite/deps/vue-i18n.js?v=88d4cd7b:123
[19025835ms] [WARNING] [intlify] Not found 'crud.editBtn' key in 'zh' locale messages. @ http://localhost:2889/node_modules/.vite/deps/vue-i18n.js?v=88d4cd7b:123
[19025836ms] [WARNING] [intlify] Not found 'crud.editBtn' key in 'zh' locale messages. @ http://localhost:2889/node_modules/.vite/deps/vue-i18n.js?v=88d4cd7b:123
[19025836ms] [WARNING] [intlify] Not found 'crud.delBtn' key in 'zh' locale messages. @ http://localhost:2889/node_modules/.vite/deps/vue-i18n.js?v=88d4cd7b:123
[19025836ms] [WARNING] [intlify] Not found 'crud.delBtn' key in 'zh' locale messages. @ http://localhost:2889/node_modules/.vite/deps/vue-i18n.js?v=88d4cd7b:123
[19025839ms] [WARNING] [intlify] Not found 'crud.viewBtn' key in 'zh' locale messages. @ http://localhost:2889/node_modules/.vite/deps/vue-i18n.js?v=88d4cd7b:123
[19025839ms] [WARNING] [intlify] Not found 'crud.viewBtn' key in 'zh' locale messages. @ http://localhost:2889/node_modules/.vite/deps/vue-i18n.js?v=88d4cd7b:123
[19025840ms] [WARNING] [intlify] Not found 'crud.editBtn' key in 'zh' locale messages. @ http://localhost:2889/node_modules/.vite/deps/vue-i18n.js?v=88d4cd7b:123
[19025840ms] [WARNING] [intlify] Not found 'crud.editBtn' key in 'zh' locale messages. @ http://localhost:2889/node_modules/.vite/deps/vue-i18n.js?v=88d4cd7b:123
[19025841ms] [WARNING] [intlify] Not found 'crud.delBtn' key in 'zh' locale messages. @ http://localhost:2889/node_modules/.vite/deps/vue-i18n.js?v=88d4cd7b:123
[19025841ms] [WARNING] [intlify] Not found 'crud.delBtn' key in 'zh' locale messages. @ http://localhost:2889/node_modules/.vite/deps/vue-i18n.js?v=88d4cd7b:123
[19025843ms] [WARNING] [intlify] Not found 'crud.viewBtn' key in 'zh' locale messages. @ http://localhost:2889/node_modules/.vite/deps/vue-i18n.js?v=88d4cd7b:123
[19025843ms] [WARNING] [intlify] Not found 'crud.viewBtn' key in 'zh' locale messages. @ http://localhost:2889/node_modules/.vite/deps/vue-i18n.js?v=88d4cd7b:123
[19025844ms] [WARNING] [intlify] Not found 'crud.editBtn' key in 'zh' locale messages. @ http://localhost:2889/node_modules/.vite/deps/vue-i18n.js?v=88d4cd7b:123
[19025844ms] [WARNING] [intlify] Not found 'crud.editBtn' key in 'zh' locale messages. @ http://localhost:2889/node_modules/.vite/deps/vue-i18n.js?v=88d4cd7b:123
[19025844ms] [WARNING] [intlify] Not found 'crud.delBtn' key in 'zh' locale messages. @ http://localhost:2889/node_modules/.vite/deps/vue-i18n.js?v=88d4cd7b:123
[19025844ms] [WARNING] [intlify] Not found 'crud.delBtn' key in 'zh' locale messages. @ http://localhost:2889/node_modules/.vite/deps/vue-i18n.js?v=88d4cd7b:123
[19025846ms] [WARNING] [intlify] Not found 'crud.viewBtn' key in 'zh' locale messages. @ http://localhost:2889/node_modules/.vite/deps/vue-i18n.js?v=88d4cd7b:123
[19025846ms] [WARNING] [intlify] Not found 'crud.viewBtn' key in 'zh' locale messages. @ http://localhost:2889/node_modules/.vite/deps/vue-i18n.js?v=88d4cd7b:123
[19025847ms] [WARNING] [intlify] Not found 'crud.editBtn' key in 'zh' locale messages. @ http://localhost:2889/node_modules/.vite/deps/vue-i18n.js?v=88d4cd7b:123
[19025847ms] [WARNING] [intlify] Not found 'crud.editBtn' key in 'zh' locale messages. @ http://localhost:2889/node_modules/.vite/deps/vue-i18n.js?v=88d4cd7b:123
[19025847ms] [WARNING] [intlify] Not found 'crud.delBtn' key in 'zh' locale messages. @ http://localhost:2889/node_modules/.vite/deps/vue-i18n.js?v=88d4cd7b:123
[19025848ms] [WARNING] [intlify] Not found 'crud.delBtn' key in 'zh' locale messages. @ http://localhost:2889/node_modules/.vite/deps/vue-i18n.js?v=88d4cd7b:123
[19025850ms] [WARNING] [intlify] Not found 'crud.viewBtn' key in 'zh' locale messages. @ http://localhost:2889/node_modules/.vite/deps/vue-i18n.js?v=88d4cd7b:123
[19025851ms] [WARNING] [intlify] Not found 'crud.viewBtn' key in 'zh' locale messages. @ http://localhost:2889/node_modules/.vite/deps/vue-i18n.js?v=88d4cd7b:123
[19025851ms] [WARNING] [intlify] Not found 'crud.editBtn' key in 'zh' locale messages. @ http://localhost:2889/node_modules/.vite/deps/vue-i18n.js?v=88d4cd7b:123
[19025851ms] [WARNING] [intlify] Not found 'crud.editBtn' key in 'zh' locale messages. @ http://localhost:2889/node_modules/.vite/deps/vue-i18n.js?v=88d4cd7b:123
[19025852ms] [WARNING] [intlify] Not found 'crud.delBtn' key in 'zh' locale messages. @ http://localhost:2889/node_modules/.vite/deps/vue-i18n.js?v=88d4cd7b:123
[19025852ms] [WARNING] [intlify] Not found 'crud.delBtn' key in 'zh' locale messages. @ http://localhost:2889/node_modules/.vite/deps/vue-i18n.js?v=88d4cd7b:123
[19025895ms] [WARNING] [intlify] Not found 'crud.searchBtn' key in 'zh' locale messages. @ http://localhost:2889/node_modules/.vite/deps/vue-i18n.js?v=88d4cd7b:123
[19025895ms] [WARNING] [intlify] Not found 'crud.emptyBtn' key in 'zh' locale messages. @ http://localhost:2889/node_modules/.vite/deps/vue-i18n.js?v=88d4cd7b:123
[19025897ms] [WARNING] [intlify] Not found 'tip.input' key in 'zh' locale messages. @ http://localhost:2889/node_modules/.vite/deps/vue-i18n.js?v=88d4cd7b:123
[19025898ms] [WARNING] [intlify] Not found 'tip.input' key in 'zh' locale messages. @ http://localhost:2889/node_modules/.vite/deps/vue-i18n.js?v=88d4cd7b:123
[19025899ms] [WARNING] [intlify] Not found 'tip.input' key in 'zh' locale messages. @ http://localhost:2889/node_modules/.vite/deps/vue-i18n.js?v=88d4cd7b:123
[19025900ms] [WARNING] [intlify] Not found 'tip.input' key in 'zh' locale messages. @ http://localhost:2889/node_modules/.vite/deps/vue-i18n.js?v=88d4cd7b:123
[19025901ms] [WARNING] [intlify] Not found 'tip.input' key in 'zh' locale messages. @ http://localhost:2889/node_modules/.vite/deps/vue-i18n.js?v=88d4cd7b:123
[19025902ms] [WARNING] [intlify] Not found 'tip.input' key in 'zh' locale messages. @ http://localhost:2889/node_modules/.vite/deps/vue-i18n.js?v=88d4cd7b:123
[19025903ms] [WARNING] [intlify] Not found 'form.submitBtn' key in 'zh' locale messages. @ http://localhost:2889/node_modules/.vite/deps/vue-i18n.js?v=88d4cd7b:123
[19025904ms] [WARNING] [intlify] Not found 'form.submitBtn' key in 'zh' locale messages. @ http://localhost:2889/node_modules/.vite/deps/vue-i18n.js?v=88d4cd7b:123
[19025904ms] [WARNING] [intlify] Not found 'form.emptyBtn' key in 'zh' locale messages. @ http://localhost:2889/node_modules/.vite/deps/vue-i18n.js?v=88d4cd7b:123
[19025905ms] [WARNING] [intlify] Not found 'form.emptyBtn' key in 'zh' locale messages. @ http://localhost:2889/node_modules/.vite/deps/vue-i18n.js?v=88d4cd7b:123
[19025906ms] [WARNING] [intlify] Not found 'crud.addBtn' key in 'zh' locale messages. @ http://localhost:2889/node_modules/.vite/deps/vue-i18n.js?v=88d4cd7b:123
[19025906ms] [WARNING] [intlify] Not found 'crud.addBtn' key in 'zh' locale messages. @ http://localhost:2889/node_modules/.vite/deps/vue-i18n.js?v=88d4cd7b:123
[19025907ms] [WARNING] [intlify] Not found 'crud.menu' key in 'zh' locale messages. @ http://localhost:2889/node_modules/.vite/deps/vue-i18n.js?v=88d4cd7b:123
[19025908ms] [WARNING] [intlify] Not found 'crud.menu' key in 'zh' locale messages. @ http://localhost:2889/node_modules/.vite/deps/vue-i18n.js?v=88d4cd7b:123
[19025909ms] [WARNING] [intlify] Not found 'crud.viewBtn' key in 'zh' locale messages. @ http://localhost:2889/node_modules/.vite/deps/vue-i18n.js?v=88d4cd7b:123
[19025910ms] [WARNING] [intlify] Not found 'crud.viewBtn' key in 'zh' locale messages. @ http://localhost:2889/node_modules/.vite/deps/vue-i18n.js?v=88d4cd7b:123
[19025910ms] [WARNING] [intlify] Not found 'crud.editBtn' key in 'zh' locale messages. @ http://localhost:2889/node_modules/.vite/deps/vue-i18n.js?v=88d4cd7b:123
[19025910ms] [WARNING] [intlify] Not found 'crud.editBtn' key in 'zh' locale messages. @ http://localhost:2889/node_modules/.vite/deps/vue-i18n.js?v=88d4cd7b:123
[19025911ms] [WARNING] [intlify] Not found 'crud.delBtn' key in 'zh' locale messages. @ http://localhost:2889/node_modules/.vite/deps/vue-i18n.js?v=88d4cd7b:123
[19025911ms] [WARNING] [intlify] Not found 'crud.delBtn' key in 'zh' locale messages. @ http://localhost:2889/node_modules/.vite/deps/vue-i18n.js?v=88d4cd7b:123
[19025911ms] [WARNING] [intlify] Not found 'crud.viewBtn' key in 'zh' locale messages. @ http://localhost:2889/node_modules/.vite/deps/vue-i18n.js?v=88d4cd7b:123
[19025912ms] [WARNING] [intlify] Not found 'crud.viewBtn' key in 'zh' locale messages. @ http://localhost:2889/node_modules/.vite/deps/vue-i18n.js?v=88d4cd7b:123
[19025912ms] [WARNING] [intlify] Not found 'crud.editBtn' key in 'zh' locale messages. @ http://localhost:2889/node_modules/.vite/deps/vue-i18n.js?v=88d4cd7b:123
[19025912ms] [WARNING] [intlify] Not found 'crud.editBtn' key in 'zh' locale messages. @ http://localhost:2889/node_modules/.vite/deps/vue-i18n.js?v=88d4cd7b:123
[19025913ms] [WARNING] [intlify] Not found 'crud.delBtn' key in 'zh' locale messages. @ http://localhost:2889/node_modules/.vite/deps/vue-i18n.js?v=88d4cd7b:123
[19025913ms] [WARNING] [intlify] Not found 'crud.delBtn' key in 'zh' locale messages. @ http://localhost:2889/node_modules/.vite/deps/vue-i18n.js?v=88d4cd7b:123
[19025913ms] [WARNING] [intlify] Not found 'crud.viewBtn' key in 'zh' locale messages. @ http://localhost:2889/node_modules/.vite/deps/vue-i18n.js?v=88d4cd7b:123
[19025914ms] [WARNING] [intlify] Not found 'crud.viewBtn' key in 'zh' locale messages. @ http://localhost:2889/node_modules/.vite/deps/vue-i18n.js?v=88d4cd7b:123
[19025914ms] [WARNING] [intlify] Not found 'crud.editBtn' key in 'zh' locale messages. @ http://localhost:2889/node_modules/.vite/deps/vue-i18n.js?v=88d4cd7b:123
[19025914ms] [WARNING] [intlify] Not found 'crud.editBtn' key in 'zh' locale messages. @ http://localhost:2889/node_modules/.vite/deps/vue-i18n.js?v=88d4cd7b:123
[19025914ms] [WARNING] [intlify] Not found 'crud.delBtn' key in 'zh' locale messages. @ http://localhost:2889/node_modules/.vite/deps/vue-i18n.js?v=88d4cd7b:123
[19025915ms] [WARNING] [intlify] Not found 'crud.delBtn' key in 'zh' locale messages. @ http://localhost:2889/node_modules/.vite/deps/vue-i18n.js?v=88d4cd7b:123
[19025915ms] [WARNING] [intlify] Not found 'crud.viewBtn' key in 'zh' locale messages. @ http://localhost:2889/node_modules/.vite/deps/vue-i18n.js?v=88d4cd7b:123
[19025915ms] [WARNING] [intlify] Not found 'crud.viewBtn' key in 'zh' locale messages. @ http://localhost:2889/node_modules/.vite/deps/vue-i18n.js?v=88d4cd7b:123
[19025916ms] [WARNING] [intlify] Not found 'crud.editBtn' key in 'zh' locale messages. @ http://localhost:2889/node_modules/.vite/deps/vue-i18n.js?v=88d4cd7b:123
[19025916ms] [WARNING] [intlify] Not found 'crud.editBtn' key in 'zh' locale messages. @ http://localhost:2889/node_modules/.vite/deps/vue-i18n.js?v=88d4cd7b:123
[19025916ms] [WARNING] [intlify] Not found 'crud.delBtn' key in 'zh' locale messages. @ http://localhost:2889/node_modules/.vite/deps/vue-i18n.js?v=88d4cd7b:123
[19025917ms] [WARNING] [intlify] Not found 'crud.delBtn' key in 'zh' locale messages. @ http://localhost:2889/node_modules/.vite/deps/vue-i18n.js?v=88d4cd7b:123
[19025917ms] [WARNING] [intlify] Not found 'crud.viewBtn' key in 'zh' locale messages. @ http://localhost:2889/node_modules/.vite/deps/vue-i18n.js?v=88d4cd7b:123
[19025917ms] [WARNING] [intlify] Not found 'crud.viewBtn' key in 'zh' locale messages. @ http://localhost:2889/node_modules/.vite/deps/vue-i18n.js?v=88d4cd7b:123
[19025918ms] [WARNING] [intlify] Not found 'crud.editBtn' key in 'zh' locale messages. @ http://localhost:2889/node_modules/.vite/deps/vue-i18n.js?v=88d4cd7b:123
[19025918ms] [WARNING] [intlify] Not found 'crud.editBtn' key in 'zh' locale messages. @ http://localhost:2889/node_modules/.vite/deps/vue-i18n.js?v=88d4cd7b:123
[19025918ms] [WARNING] [intlify] Not found 'crud.delBtn' key in 'zh' locale messages. @ http://localhost:2889/node_modules/.vite/deps/vue-i18n.js?v=88d4cd7b:123
[19025918ms] [WARNING] [intlify] Not found 'crud.delBtn' key in 'zh' locale messages. @ http://localhost:2889/node_modules/.vite/deps/vue-i18n.js?v=88d4cd7b:123
[19025920ms] [WARNING] [intlify] Not found 'crud.viewBtn' key in 'zh' locale messages. @ http://localhost:2889/node_modules/.vite/deps/vue-i18n.js?v=88d4cd7b:123
[19025920ms] [WARNING] [intlify] Not found 'crud.viewBtn' key in 'zh' locale messages. @ http://localhost:2889/node_modules/.vite/deps/vue-i18n.js?v=88d4cd7b:123
[19025921ms] [WARNING] [intlify] Not found 'crud.editBtn' key in 'zh' locale messages. @ http://localhost:2889/node_modules/.vite/deps/vue-i18n.js?v=88d4cd7b:123
[19025921ms] [WARNING] [intlify] Not found 'crud.editBtn' key in 'zh' locale messages. @ http://localhost:2889/node_modules/.vite/deps/vue-i18n.js?v=88d4cd7b:123
[19025922ms] [WARNING] [intlify] Not found 'crud.delBtn' key in 'zh' locale messages. @ http://localhost:2889/node_modules/.vite/deps/vue-i18n.js?v=88d4cd7b:123
[19025922ms] [WARNING] [intlify] Not found 'crud.delBtn' key in 'zh' locale messages. @ http://localhost:2889/node_modules/.vite/deps/vue-i18n.js?v=88d4cd7b:123
[19025922ms] [WARNING] [intlify] Not found 'crud.viewBtn' key in 'zh' locale messages. @ http://localhost:2889/node_modules/.vite/deps/vue-i18n.js?v=88d4cd7b:123
[19025923ms] [WARNING] [intlify] Not found 'crud.viewBtn' key in 'zh' locale messages. @ http://localhost:2889/node_modules/.vite/deps/vue-i18n.js?v=88d4cd7b:123
[19025923ms] [WARNING] [intlify] Not found 'crud.editBtn' key in 'zh' locale messages. @ http://localhost:2889/node_modules/.vite/deps/vue-i18n.js?v=88d4cd7b:123
[19025923ms] [WARNING] [intlify] Not found 'crud.editBtn' key in 'zh' locale messages. @ http://localhost:2889/node_modules/.vite/deps/vue-i18n.js?v=88d4cd7b:123
[19025923ms] [WARNING] [intlify] Not found 'crud.delBtn' key in 'zh' locale messages. @ http://localhost:2889/node_modules/.vite/deps/vue-i18n.js?v=88d4cd7b:123
[19025923ms] [WARNING] [intlify] Not found 'crud.delBtn' key in 'zh' locale messages. @ http://localhost:2889/node_modules/.vite/deps/vue-i18n.js?v=88d4cd7b:123
[19025924ms] [WARNING] [intlify] Not found 'crud.viewBtn' key in 'zh' locale messages. @ http://localhost:2889/node_modules/.vite/deps/vue-i18n.js?v=88d4cd7b:123
[19025924ms] [WARNING] [intlify] Not found 'crud.viewBtn' key in 'zh' locale messages. @ http://localhost:2889/node_modules/.vite/deps/vue-i18n.js?v=88d4cd7b:123
[19025925ms] [WARNING] [intlify] Not found 'crud.editBtn' key in 'zh' locale messages. @ http://localhost:2889/node_modules/.vite/deps/vue-i18n.js?v=88d4cd7b:123
[19025925ms] [WARNING] [intlify] Not found 'crud.editBtn' key in 'zh' locale messages. @ http://localhost:2889/node_modules/.vite/deps/vue-i18n.js?v=88d4cd7b:123
[19025925ms] [WARNING] [intlify] Not found 'crud.delBtn' key in 'zh' locale messages. @ http://localhost:2889/node_modules/.vite/deps/vue-i18n.js?v=88d4cd7b:123
[19025925ms] [WARNING] [intlify] Not found 'crud.delBtn' key in 'zh' locale messages. @ http://localhost:2889/node_modules/.vite/deps/vue-i18n.js?v=88d4cd7b:123
[19025926ms] [WARNING] [intlify] Not found 'crud.viewBtn' key in 'zh' locale messages. @ http://localhost:2889/node_modules/.vite/deps/vue-i18n.js?v=88d4cd7b:123
[19025927ms] [WARNING] [intlify] Not found 'crud.viewBtn' key in 'zh' locale messages. @ http://localhost:2889/node_modules/.vite/deps/vue-i18n.js?v=88d4cd7b:123
[19025927ms] [WARNING] [intlify] Not found 'crud.editBtn' key in 'zh' locale messages. @ http://localhost:2889/node_modules/.vite/deps/vue-i18n.js?v=88d4cd7b:123
[19025927ms] [WARNING] [intlify] Not found 'crud.editBtn' key in 'zh' locale messages. @ http://localhost:2889/node_modules/.vite/deps/vue-i18n.js?v=88d4cd7b:123
[19025927ms] [WARNING] [intlify] Not found 'crud.delBtn' key in 'zh' locale messages. @ http://localhost:2889/node_modules/.vite/deps/vue-i18n.js?v=88d4cd7b:123
[19025928ms] [WARNING] [intlify] Not found 'crud.delBtn' key in 'zh' locale messages. @ http://localhost:2889/node_modules/.vite/deps/vue-i18n.js?v=88d4cd7b:123
[19025928ms] [WARNING] [intlify] Not found 'crud.viewBtn' key in 'zh' locale messages. @ http://localhost:2889/node_modules/.vite/deps/vue-i18n.js?v=88d4cd7b:123
[19025928ms] [WARNING] [intlify] Not found 'crud.viewBtn' key in 'zh' locale messages. @ http://localhost:2889/node_modules/.vite/deps/vue-i18n.js?v=88d4cd7b:123
[19025929ms] [WARNING] [intlify] Not found 'crud.editBtn' key in 'zh' locale messages. @ http://localhost:2889/node_modules/.vite/deps/vue-i18n.js?v=88d4cd7b:123
[19025929ms] [WARNING] [intlify] Not found 'crud.editBtn' key in 'zh' locale messages. @ http://localhost:2889/node_modules/.vite/deps/vue-i18n.js?v=88d4cd7b:123
[19025929ms] [WARNING] [intlify] Not found 'crud.delBtn' key in 'zh' locale messages. @ http://localhost:2889/node_modules/.vite/deps/vue-i18n.js?v=88d4cd7b:123
[19025929ms] [WARNING] [intlify] Not found 'crud.delBtn' key in 'zh' locale messages. @ http://localhost:2889/node_modules/.vite/deps/vue-i18n.js?v=88d4cd7b:123
[19025930ms] [WARNING] [intlify] Not found 'crud.viewBtn' key in 'zh' locale messages. @ http://localhost:2889/node_modules/.vite/deps/vue-i18n.js?v=88d4cd7b:123
[19025930ms] [WARNING] [intlify] Not found 'crud.viewBtn' key in 'zh' locale messages. @ http://localhost:2889/node_modules/.vite/deps/vue-i18n.js?v=88d4cd7b:123
[19025931ms] [WARNING] [intlify] Not found 'crud.editBtn' key in 'zh' locale messages. @ http://localhost:2889/node_modules/.vite/deps/vue-i18n.js?v=88d4cd7b:123
[19025931ms] [WARNING] [intlify] Not found 'crud.editBtn' key in 'zh' locale messages. @ http://localhost:2889/node_modules/.vite/deps/vue-i18n.js?v=88d4cd7b:123
[19025931ms] [WARNING] [intlify] Not found 'crud.delBtn' key in 'zh' locale messages. @ http://localhost:2889/node_modules/.vite/deps/vue-i18n.js?v=88d4cd7b:123
[19025931ms] [WARNING] [intlify] Not found 'crud.delBtn' key in 'zh' locale messages. @ http://localhost:2889/node_modules/.vite/deps/vue-i18n.js?v=88d4cd7b:123
[19025932ms] [WARNING] [intlify] Not found 'crud.viewBtn' key in 'zh' locale messages. @ http://localhost:2889/node_modules/.vite/deps/vue-i18n.js?v=88d4cd7b:123
[19025932ms] [WARNING] [intlify] Not found 'crud.viewBtn' key in 'zh' locale messages. @ http://localhost:2889/node_modules/.vite/deps/vue-i18n.js?v=88d4cd7b:123
[19025932ms] [WARNING] [intlify] Not found 'crud.editBtn' key in 'zh' locale messages. @ http://localhost:2889/node_modules/.vite/deps/vue-i18n.js?v=88d4cd7b:123
[19025932ms] [WARNING] [intlify] Not found 'crud.editBtn' key in 'zh' locale messages. @ http://localhost:2889/node_modules/.vite/deps/vue-i18n.js?v=88d4cd7b:123
[19025932ms] [WARNING] [intlify] Not found 'crud.delBtn' key in 'zh' locale messages. @ http://localhost:2889/node_modules/.vite/deps/vue-i18n.js?v=88d4cd7b:123
[19025932ms] [WARNING] [intlify] Not found 'crud.delBtn' key in 'zh' locale messages. @ http://localhost:2889/node_modules/.vite/deps/vue-i18n.js?v=88d4cd7b:123
[19025933ms] [WARNING] [intlify] Not found 'crud.viewBtn' key in 'zh' locale messages. @ http://localhost:2889/node_modules/.vite/deps/vue-i18n.js?v=88d4cd7b:123
[19025933ms] [WARNING] [intlify] Not found 'crud.viewBtn' key in 'zh' locale messages. @ http://localhost:2889/node_modules/.vite/deps/vue-i18n.js?v=88d4cd7b:123
[19025934ms] [WARNING] [intlify] Not found 'crud.editBtn' key in 'zh' locale messages. @ http://localhost:2889/node_modules/.vite/deps/vue-i18n.js?v=88d4cd7b:123
[19025934ms] [WARNING] [intlify] Not found 'crud.editBtn' key in 'zh' locale messages. @ http://localhost:2889/node_modules/.vite/deps/vue-i18n.js?v=88d4cd7b:123
[19025934ms] [WARNING] [intlify] Not found 'crud.delBtn' key in 'zh' locale messages. @ http://localhost:2889/node_modules/.vite/deps/vue-i18n.js?v=88d4cd7b:123
[19025934ms] [WARNING] [intlify] Not found 'crud.delBtn' key in 'zh' locale messages. @ http://localhost:2889/node_modules/.vite/deps/vue-i18n.js?v=88d4cd7b:123
[19025935ms] [WARNING] [intlify] Not found 'crud.viewBtn' key in 'zh' locale messages. @ http://localhost:2889/node_modules/.vite/deps/vue-i18n.js?v=88d4cd7b:123
[19025936ms] [WARNING] [intlify] Not found 'crud.viewBtn' key in 'zh' locale messages. @ http://localhost:2889/node_modules/.vite/deps/vue-i18n.js?v=88d4cd7b:123
[19025936ms] [WARNING] [intlify] Not found 'crud.editBtn' key in 'zh' locale messages. @ http://localhost:2889/node_modules/.vite/deps/vue-i18n.js?v=88d4cd7b:123
[19025936ms] [WARNING] [intlify] Not found 'crud.editBtn' key in 'zh' locale messages. @ http://localhost:2889/node_modules/.vite/deps/vue-i18n.js?v=88d4cd7b:123
[19025936ms] [WARNING] [intlify] Not found 'crud.delBtn' key in 'zh' locale messages. @ http://localhost:2889/node_modules/.vite/deps/vue-i18n.js?v=88d4cd7b:123
[19025937ms] [WARNING] [intlify] Not found 'crud.delBtn' key in 'zh' locale messages. @ http://localhost:2889/node_modules/.vite/deps/vue-i18n.js?v=88d4cd7b:123
[19025937ms] [WARNING] [intlify] Not found 'crud.viewBtn' key in 'zh' locale messages. @ http://localhost:2889/node_modules/.vite/deps/vue-i18n.js?v=88d4cd7b:123
[19025937ms] [WARNING] [intlify] Not found 'crud.viewBtn' key in 'zh' locale messages. @ http://localhost:2889/node_modules/.vite/deps/vue-i18n.js?v=88d4cd7b:123
[19025938ms] [WARNING] [intlify] Not found 'crud.editBtn' key in 'zh' locale messages. @ http://localhost:2889/node_modules/.vite/deps/vue-i18n.js?v=88d4cd7b:123
[19025938ms] [WARNING] [intlify] Not found 'crud.editBtn' key in 'zh' locale messages. @ http://localhost:2889/node_modules/.vite/deps/vue-i18n.js?v=88d4cd7b:123
[19025938ms] [WARNING] [intlify] Not found 'crud.delBtn' key in 'zh' locale messages. @ http://localhost:2889/node_modules/.vite/deps/vue-i18n.js?v=88d4cd7b:123
[19025939ms] [WARNING] [intlify] Not found 'crud.delBtn' key in 'zh' locale messages. @ http://localhost:2889/node_modules/.vite/deps/vue-i18n.js?v=88d4cd7b:123
[19025939ms] [WARNING] [intlify] Not found 'crud.viewBtn' key in 'zh' locale messages. @ http://localhost:2889/node_modules/.vite/deps/vue-i18n.js?v=88d4cd7b:123
[19025940ms] [WARNING] [intlify] Not found 'crud.viewBtn' key in 'zh' locale messages. @ http://localhost:2889/node_modules/.vite/deps/vue-i18n.js?v=88d4cd7b:123
[19025940ms] [WARNING] [intlify] Not found 'crud.editBtn' key in 'zh' locale messages. @ http://localhost:2889/node_modules/.vite/deps/vue-i18n.js?v=88d4cd7b:123
[19025940ms] [WARNING] [intlify] Not found 'crud.editBtn' key in 'zh' locale messages. @ http://localhost:2889/node_modules/.vite/deps/vue-i18n.js?v=88d4cd7b:123
[19025941ms] [WARNING] [intlify] Not found 'crud.delBtn' key in 'zh' locale messages. @ http://localhost:2889/node_modules/.vite/deps/vue-i18n.js?v=88d4cd7b:123
[19025941ms] [WARNING] [intlify] Not found 'crud.delBtn' key in 'zh' locale messages. @ http://localhost:2889/node_modules/.vite/deps/vue-i18n.js?v=88d4cd7b:123
[19025942ms] [WARNING] [intlify] Not found 'crud.viewBtn' key in 'zh' locale messages. @ http://localhost:2889/node_modules/.vite/deps/vue-i18n.js?v=88d4cd7b:123
[19025942ms] [WARNING] [intlify] Not found 'crud.viewBtn' key in 'zh' locale messages. @ http://localhost:2889/node_modules/.vite/deps/vue-i18n.js?v=88d4cd7b:123
[19025942ms] [WARNING] [intlify] Not found 'crud.editBtn' key in 'zh' locale messages. @ http://localhost:2889/node_modules/.vite/deps/vue-i18n.js?v=88d4cd7b:123
[19025943ms] [WARNING] [intlify] Not found 'crud.editBtn' key in 'zh' locale messages. @ http://localhost:2889/node_modules/.vite/deps/vue-i18n.js?v=88d4cd7b:123
[19025943ms] [WARNING] [intlify] Not found 'crud.delBtn' key in 'zh' locale messages. @ http://localhost:2889/node_modules/.vite/deps/vue-i18n.js?v=88d4cd7b:123
[19025943ms] [WARNING] [intlify] Not found 'crud.delBtn' key in 'zh' locale messages. @ http://localhost:2889/node_modules/.vite/deps/vue-i18n.js?v=88d4cd7b:123
[19025944ms] [WARNING] [intlify] Not found 'crud.viewBtn' key in 'zh' locale messages. @ http://localhost:2889/node_modules/.vite/deps/vue-i18n.js?v=88d4cd7b:123
[19025944ms] [WARNING] [intlify] Not found 'crud.viewBtn' key in 'zh' locale messages. @ http://localhost:2889/node_modules/.vite/deps/vue-i18n.js?v=88d4cd7b:123
[19025944ms] [WARNING] [intlify] Not found 'crud.editBtn' key in 'zh' locale messages. @ http://localhost:2889/node_modules/.vite/deps/vue-i18n.js?v=88d4cd7b:123
[19025944ms] [WARNING] [intlify] Not found 'crud.editBtn' key in 'zh' locale messages. @ http://localhost:2889/node_modules/.vite/deps/vue-i18n.js?v=88d4cd7b:123
[19025944ms] [WARNING] [intlify] Not found 'crud.delBtn' key in 'zh' locale messages. @ http://localhost:2889/node_modules/.vite/deps/vue-i18n.js?v=88d4cd7b:123
[19025944ms] [WARNING] [intlify] Not found 'crud.delBtn' key in 'zh' locale messages. @ http://localhost:2889/node_modules/.vite/deps/vue-i18n.js?v=88d4cd7b:123
[19025945ms] [WARNING] [intlify] Not found 'crud.viewBtn' key in 'zh' locale messages. @ http://localhost:2889/node_modules/.vite/deps/vue-i18n.js?v=88d4cd7b:123
[19025945ms] [WARNING] [intlify] Not found 'crud.viewBtn' key in 'zh' locale messages. @ http://localhost:2889/node_modules/.vite/deps/vue-i18n.js?v=88d4cd7b:123
[19025945ms] [WARNING] [intlify] Not found 'crud.editBtn' key in 'zh' locale messages. @ http://localhost:2889/node_modules/.vite/deps/vue-i18n.js?v=88d4cd7b:123
[19025945ms] [WARNING] [intlify] Not found 'crud.editBtn' key in 'zh' locale messages. @ http://localhost:2889/node_modules/.vite/deps/vue-i18n.js?v=88d4cd7b:123
[19025946ms] [WARNING] [intlify] Not found 'crud.delBtn' key in 'zh' locale messages. @ http://localhost:2889/node_modules/.vite/deps/vue-i18n.js?v=88d4cd7b:123
[19025946ms] [WARNING] [intlify] Not found 'crud.delBtn' key in 'zh' locale messages. @ http://localhost:2889/node_modules/.vite/deps/vue-i18n.js?v=88d4cd7b:123
[19025947ms] [WARNING] [intlify] Not found 'crud.viewBtn' key in 'zh' locale messages. @ http://localhost:2889/node_modules/.vite/deps/vue-i18n.js?v=88d4cd7b:123
[19025947ms] [WARNING] [intlify] Not found 'crud.viewBtn' key in 'zh' locale messages. @ http://localhost:2889/node_modules/.vite/deps/vue-i18n.js?v=88d4cd7b:123
[19025947ms] [WARNING] [intlify] Not found 'crud.editBtn' key in 'zh' locale messages. @ http://localhost:2889/node_modules/.vite/deps/vue-i18n.js?v=88d4cd7b:123
[19025948ms] [WARNING] [intlify] Not found 'crud.editBtn' key in 'zh' locale messages. @ http://localhost:2889/node_modules/.vite/deps/vue-i18n.js?v=88d4cd7b:123
[19025948ms] [WARNING] [intlify] Not found 'crud.delBtn' key in 'zh' locale messages. @ http://localhost:2889/node_modules/.vite/deps/vue-i18n.js?v=88d4cd7b:123
[19025948ms] [WARNING] [intlify] Not found 'crud.delBtn' key in 'zh' locale messages. @ http://localhost:2889/node_modules/.vite/deps/vue-i18n.js?v=88d4cd7b:123
[19025949ms] [WARNING] [intlify] Not found 'crud.viewBtn' key in 'zh' locale messages. @ http://localhost:2889/node_modules/.vite/deps/vue-i18n.js?v=88d4cd7b:123
[19025949ms] [WARNING] [intlify] Not found 'crud.viewBtn' key in 'zh' locale messages. @ http://localhost:2889/node_modules/.vite/deps/vue-i18n.js?v=88d4cd7b:123
[19025949ms] [WARNING] [intlify] Not found 'crud.editBtn' key in 'zh' locale messages. @ http://localhost:2889/node_modules/.vite/deps/vue-i18n.js?v=88d4cd7b:123
[19025950ms] [WARNING] [intlify] Not found 'crud.editBtn' key in 'zh' locale messages. @ http://localhost:2889/node_modules/.vite/deps/vue-i18n.js?v=88d4cd7b:123
[19025950ms] [WARNING] [intlify] Not found 'crud.delBtn' key in 'zh' locale messages. @ http://localhost:2889/node_modules/.vite/deps/vue-i18n.js?v=88d4cd7b:123
[19025950ms] [WARNING] [intlify] Not found 'crud.delBtn' key in 'zh' locale messages. @ http://localhost:2889/node_modules/.vite/deps/vue-i18n.js?v=88d4cd7b:123
[19025951ms] [WARNING] [intlify] Not found 'crud.viewBtn' key in 'zh' locale messages. @ http://localhost:2889/node_modules/.vite/deps/vue-i18n.js?v=88d4cd7b:123
[19025952ms] [WARNING] [intlify] Not found 'crud.viewBtn' key in 'zh' locale messages. @ http://localhost:2889/node_modules/.vite/deps/vue-i18n.js?v=88d4cd7b:123
[19025952ms] [WARNING] [intlify] Not found 'crud.editBtn' key in 'zh' locale messages. @ http://localhost:2889/node_modules/.vite/deps/vue-i18n.js?v=88d4cd7b:123
[19025952ms] [WARNING] [intlify] Not found 'crud.editBtn' key in 'zh' locale messages. @ http://localhost:2889/node_modules/.vite/deps/vue-i18n.js?v=88d4cd7b:123
[19025952ms] [WARNING] [intlify] Not found 'crud.delBtn' key in 'zh' locale messages. @ http://localhost:2889/node_modules/.vite/deps/vue-i18n.js?v=88d4cd7b:123
[19025952ms] [WARNING] [intlify] Not found 'crud.delBtn' key in 'zh' locale messages. @ http://localhost:2889/node_modules/.vite/deps/vue-i18n.js?v=88d4cd7b:123
[19025953ms] [WARNING] [intlify] Not found 'crud.viewBtn' key in 'zh' locale messages. @ http://localhost:2889/node_modules/.vite/deps/vue-i18n.js?v=88d4cd7b:123
[19025953ms] [WARNING] [intlify] Not found 'crud.viewBtn' key in 'zh' locale messages. @ http://localhost:2889/node_modules/.vite/deps/vue-i18n.js?v=88d4cd7b:123
[19025954ms] [WARNING] [intlify] Not found 'crud.editBtn' key in 'zh' locale messages. @ http://localhost:2889/node_modules/.vite/deps/vue-i18n.js?v=88d4cd7b:123
[19025954ms] [WARNING] [intlify] Not found 'crud.editBtn' key in 'zh' locale messages. @ http://localhost:2889/node_modules/.vite/deps/vue-i18n.js?v=88d4cd7b:123
[19025954ms] [WARNING] [intlify] Not found 'crud.delBtn' key in 'zh' locale messages. @ http://localhost:2889/node_modules/.vite/deps/vue-i18n.js?v=88d4cd7b:123
[19025954ms] [WARNING] [intlify] Not found 'crud.delBtn' key in 'zh' locale messages. @ http://localhost:2889/node_modules/.vite/deps/vue-i18n.js?v=88d4cd7b:123
[19025955ms] [WARNING] [intlify] Not found 'crud.viewBtn' key in 'zh' locale messages. @ http://localhost:2889/node_modules/.vite/deps/vue-i18n.js?v=88d4cd7b:123
[19025955ms] [WARNING] [intlify] Not found 'crud.viewBtn' key in 'zh' locale messages. @ http://localhost:2889/node_modules/.vite/deps/vue-i18n.js?v=88d4cd7b:123
[19025955ms] [WARNING] [intlify] Not found 'crud.editBtn' key in 'zh' locale messages. @ http://localhost:2889/node_modules/.vite/deps/vue-i18n.js?v=88d4cd7b:123
[19025955ms] [WARNING] [intlify] Not found 'crud.editBtn' key in 'zh' locale messages. @ http://localhost:2889/node_modules/.vite/deps/vue-i18n.js?v=88d4cd7b:123
[19025956ms] [WARNING] [intlify] Not found 'crud.delBtn' key in 'zh' locale messages. @ http://localhost:2889/node_modules/.vite/deps/vue-i18n.js?v=88d4cd7b:123
[19025956ms] [WARNING] [intlify] Not found 'crud.delBtn' key in 'zh' locale messages. @ http://localhost:2889/node_modules/.vite/deps/vue-i18n.js?v=88d4cd7b:123
[19025957ms] [WARNING] [intlify] Not found 'crud.viewBtn' key in 'zh' locale messages. @ http://localhost:2889/node_modules/.vite/deps/vue-i18n.js?v=88d4cd7b:123
[19025957ms] [WARNING] [intlify] Not found 'crud.viewBtn' key in 'zh' locale messages. @ http://localhost:2889/node_modules/.vite/deps/vue-i18n.js?v=88d4cd7b:123
[19025957ms] [WARNING] [intlify] Not found 'crud.editBtn' key in 'zh' locale messages. @ http://localhost:2889/node_modules/.vite/deps/vue-i18n.js?v=88d4cd7b:123
[19025958ms] [WARNING] [intlify] Not found 'crud.editBtn' key in 'zh' locale messages. @ http://localhost:2889/node_modules/.vite/deps/vue-i18n.js?v=88d4cd7b:123
[19025958ms] [WARNING] [intlify] Not found 'crud.delBtn' key in 'zh' locale messages. @ http://localhost:2889/node_modules/.vite/deps/vue-i18n.js?v=88d4cd7b:123
[19025958ms] [WARNING] [intlify] Not found 'crud.delBtn' key in 'zh' locale messages. @ http://localhost:2889/node_modules/.vite/deps/vue-i18n.js?v=88d4cd7b:123
[19025959ms] [WARNING] [intlify] Not found 'crud.viewBtn' key in 'zh' locale messages. @ http://localhost:2889/node_modules/.vite/deps/vue-i18n.js?v=88d4cd7b:123
[19025959ms] [WARNING] [intlify] Not found 'crud.viewBtn' key in 'zh' locale messages. @ http://localhost:2889/node_modules/.vite/deps/vue-i18n.js?v=88d4cd7b:123
[19025960ms] [WARNING] [intlify] Not found 'crud.editBtn' key in 'zh' locale messages. @ http://localhost:2889/node_modules/.vite/deps/vue-i18n.js?v=88d4cd7b:123
[19025960ms] [WARNING] [intlify] Not found 'crud.editBtn' key in 'zh' locale messages. @ http://localhost:2889/node_modules/.vite/deps/vue-i18n.js?v=88d4cd7b:123
[19025960ms] [WARNING] [intlify] Not found 'crud.delBtn' key in 'zh' locale messages. @ http://localhost:2889/node_modules/.vite/deps/vue-i18n.js?v=88d4cd7b:123
[19025960ms] [WARNING] [intlify] Not found 'crud.delBtn' key in 'zh' locale messages. @ http://localhost:2889/node_modules/.vite/deps/vue-i18n.js?v=88d4cd7b:123
[19025961ms] [WARNING] [intlify] Not found 'crud.viewBtn' key in 'zh' locale messages. @ http://localhost:2889/node_modules/.vite/deps/vue-i18n.js?v=88d4cd7b:123
[19025961ms] [WARNING] [intlify] Not found 'crud.viewBtn' key in 'zh' locale messages. @ http://localhost:2889/node_modules/.vite/deps/vue-i18n.js?v=88d4cd7b:123
[19025962ms] [WARNING] [intlify] Not found 'crud.editBtn' key in 'zh' locale messages. @ http://localhost:2889/node_modules/.vite/deps/vue-i18n.js?v=88d4cd7b:123
[19025962ms] [WARNING] [intlify] Not found 'crud.editBtn' key in 'zh' locale messages. @ http://localhost:2889/node_modules/.vite/deps/vue-i18n.js?v=88d4cd7b:123
[19025962ms] [WARNING] [intlify] Not found 'crud.delBtn' key in 'zh' locale messages. @ http://localhost:2889/node_modules/.vite/deps/vue-i18n.js?v=88d4cd7b:123
[19025962ms] [WARNING] [intlify] Not found 'crud.delBtn' key in 'zh' locale messages. @ http://localhost:2889/node_modules/.vite/deps/vue-i18n.js?v=88d4cd7b:123
[19025963ms] [WARNING] [intlify] Not found 'crud.viewBtn' key in 'zh' locale messages. @ http://localhost:2889/node_modules/.vite/deps/vue-i18n.js?v=88d4cd7b:123
[19025963ms] [WARNING] [intlify] Not found 'crud.viewBtn' key in 'zh' locale messages. @ http://localhost:2889/node_modules/.vite/deps/vue-i18n.js?v=88d4cd7b:123
[19025963ms] [WARNING] [intlify] Not found 'crud.editBtn' key in 'zh' locale messages. @ http://localhost:2889/node_modules/.vite/deps/vue-i18n.js?v=88d4cd7b:123
[19025964ms] [WARNING] [intlify] Not found 'crud.editBtn' key in 'zh' locale messages. @ http://localhost:2889/node_modules/.vite/deps/vue-i18n.js?v=88d4cd7b:123
[19025964ms] [WARNING] [intlify] Not found 'crud.delBtn' key in 'zh' locale messages. @ http://localhost:2889/node_modules/.vite/deps/vue-i18n.js?v=88d4cd7b:123
[19025964ms] [WARNING] [intlify] Not found 'crud.delBtn' key in 'zh' locale messages. @ http://localhost:2889/node_modules/.vite/deps/vue-i18n.js?v=88d4cd7b:123
[19025965ms] [WARNING] [intlify] Not found 'crud.viewBtn' key in 'zh' locale messages. @ http://localhost:2889/node_modules/.vite/deps/vue-i18n.js?v=88d4cd7b:123
[19025965ms] [WARNING] [intlify] Not found 'crud.viewBtn' key in 'zh' locale messages. @ http://localhost:2889/node_modules/.vite/deps/vue-i18n.js?v=88d4cd7b:123
[19025965ms] [WARNING] [intlify] Not found 'crud.editBtn' key in 'zh' locale messages. @ http://localhost:2889/node_modules/.vite/deps/vue-i18n.js?v=88d4cd7b:123
[19025966ms] [WARNING] [intlify] Not found 'crud.editBtn' key in 'zh' locale messages. @ http://localhost:2889/node_modules/.vite/deps/vue-i18n.js?v=88d4cd7b:123
[19025966ms] [WARNING] [intlify] Not found 'crud.delBtn' key in 'zh' locale messages. @ http://localhost:2889/node_modules/.vite/deps/vue-i18n.js?v=88d4cd7b:123
[19025966ms] [WARNING] [intlify] Not found 'crud.delBtn' key in 'zh' locale messages. @ http://localhost:2889/node_modules/.vite/deps/vue-i18n.js?v=88d4cd7b:123
[19025967ms] [WARNING] [intlify] Not found 'crud.viewBtn' key in 'zh' locale messages. @ http://localhost:2889/node_modules/.vite/deps/vue-i18n.js?v=88d4cd7b:123
[19025967ms] [WARNING] [intlify] Not found 'crud.viewBtn' key in 'zh' locale messages. @ http://localhost:2889/node_modules/.vite/deps/vue-i18n.js?v=88d4cd7b:123
[19025967ms] [WARNING] [intlify] Not found 'crud.editBtn' key in 'zh' locale messages. @ http://localhost:2889/node_modules/.vite/deps/vue-i18n.js?v=88d4cd7b:123
[19025968ms] [WARNING] [intlify] Not found 'crud.editBtn' key in 'zh' locale messages. @ http://localhost:2889/node_modules/.vite/deps/vue-i18n.js?v=88d4cd7b:123
[19025968ms] [WARNING] [intlify] Not found 'crud.delBtn' key in 'zh' locale messages. @ http://localhost:2889/node_modules/.vite/deps/vue-i18n.js?v=88d4cd7b:123
[19025968ms] [WARNING] [intlify] Not found 'crud.delBtn' key in 'zh' locale messages. @ http://localhost:2889/node_modules/.vite/deps/vue-i18n.js?v=88d4cd7b:123
[19025969ms] [WARNING] [intlify] Not found 'crud.viewBtn' key in 'zh' locale messages. @ http://localhost:2889/node_modules/.vite/deps/vue-i18n.js?v=88d4cd7b:123
[19025969ms] [WARNING] [intlify] Not found 'crud.viewBtn' key in 'zh' locale messages. @ http://localhost:2889/node_modules/.vite/deps/vue-i18n.js?v=88d4cd7b:123
[19025969ms] [WARNING] [intlify] Not found 'crud.editBtn' key in 'zh' locale messages. @ http://localhost:2889/node_modules/.vite/deps/vue-i18n.js?v=88d4cd7b:123
[19025969ms] [WARNING] [intlify] Not found 'crud.editBtn' key in 'zh' locale messages. @ http://localhost:2889/node_modules/.vite/deps/vue-i18n.js?v=88d4cd7b:123
[19025970ms] [WARNING] [intlify] Not found 'crud.delBtn' key in 'zh' locale messages. @ http://localhost:2889/node_modules/.vite/deps/vue-i18n.js?v=88d4cd7b:123
[19025970ms] [WARNING] [intlify] Not found 'crud.delBtn' key in 'zh' locale messages. @ http://localhost:2889/node_modules/.vite/deps/vue-i18n.js?v=88d4cd7b:123
[19025970ms] [WARNING] [intlify] Not found 'crud.viewBtn' key in 'zh' locale messages. @ http://localhost:2889/node_modules/.vite/deps/vue-i18n.js?v=88d4cd7b:123
[19025971ms] [WARNING] [intlify] Not found 'crud.viewBtn' key in 'zh' locale messages. @ http://localhost:2889/node_modules/.vite/deps/vue-i18n.js?v=88d4cd7b:123
[19025971ms] [WARNING] [intlify] Not found 'crud.editBtn' key in 'zh' locale messages. @ http://localhost:2889/node_modules/.vite/deps/vue-i18n.js?v=88d4cd7b:123
[19025971ms] [WARNING] [intlify] Not found 'crud.editBtn' key in 'zh' locale messages. @ http://localhost:2889/node_modules/.vite/deps/vue-i18n.js?v=88d4cd7b:123
[19025971ms] [WARNING] [intlify] Not found 'crud.delBtn' key in 'zh' locale messages. @ http://localhost:2889/node_modules/.vite/deps/vue-i18n.js?v=88d4cd7b:123
[19025971ms] [WARNING] [intlify] Not found 'crud.delBtn' key in 'zh' locale messages. @ http://localhost:2889/node_modules/.vite/deps/vue-i18n.js?v=88d4cd7b:123
[19025972ms] [WARNING] [intlify] Not found 'crud.viewBtn' key in 'zh' locale messages. @ http://localhost:2889/node_modules/.vite/deps/vue-i18n.js?v=88d4cd7b:123
[19025973ms] [WARNING] [intlify] Not found 'crud.viewBtn' key in 'zh' locale messages. @ http://localhost:2889/node_modules/.vite/deps/vue-i18n.js?v=88d4cd7b:123
[19025973ms] [WARNING] [intlify] Not found 'crud.editBtn' key in 'zh' locale messages. @ http://localhost:2889/node_modules/.vite/deps/vue-i18n.js?v=88d4cd7b:123
[19025973ms] [WARNING] [intlify] Not found 'crud.editBtn' key in 'zh' locale messages. @ http://localhost:2889/node_modules/.vite/deps/vue-i18n.js?v=88d4cd7b:123
[19025974ms] [WARNING] [intlify] Not found 'crud.delBtn' key in 'zh' locale messages. @ http://localhost:2889/node_modules/.vite/deps/vue-i18n.js?v=88d4cd7b:123
[19025974ms] [WARNING] [intlify] Not found 'crud.delBtn' key in 'zh' locale messages. @ http://localhost:2889/node_modules/.vite/deps/vue-i18n.js?v=88d4cd7b:123
[19025975ms] [WARNING] [intlify] Not found 'crud.viewBtn' key in 'zh' locale messages. @ http://localhost:2889/node_modules/.vite/deps/vue-i18n.js?v=88d4cd7b:123
[19025975ms] [WARNING] [intlify] Not found 'crud.viewBtn' key in 'zh' locale messages. @ http://localhost:2889/node_modules/.vite/deps/vue-i18n.js?v=88d4cd7b:123
[19025975ms] [WARNING] [intlify] Not found 'crud.editBtn' key in 'zh' locale messages. @ http://localhost:2889/node_modules/.vite/deps/vue-i18n.js?v=88d4cd7b:123
[19025975ms] [WARNING] [intlify] Not found 'crud.editBtn' key in 'zh' locale messages. @ http://localhost:2889/node_modules/.vite/deps/vue-i18n.js?v=88d4cd7b:123
[19025976ms] [WARNING] [intlify] Not found 'crud.delBtn' key in 'zh' locale messages. @ http://localhost:2889/node_modules/.vite/deps/vue-i18n.js?v=88d4cd7b:123
[19025976ms] [WARNING] [intlify] Not found 'crud.delBtn' key in 'zh' locale messages. @ http://localhost:2889/node_modules/.vite/deps/vue-i18n.js?v=88d4cd7b:123
[19025976ms] [WARNING] [intlify] Not found 'crud.viewBtn' key in 'zh' locale messages. @ http://localhost:2889/node_modules/.vite/deps/vue-i18n.js?v=88d4cd7b:123
[19025977ms] [WARNING] [intlify] Not found 'crud.viewBtn' key in 'zh' locale messages. @ http://localhost:2889/node_modules/.vite/deps/vue-i18n.js?v=88d4cd7b:123
[19025977ms] [WARNING] [intlify] Not found 'crud.editBtn' key in 'zh' locale messages. @ http://localhost:2889/node_modules/.vite/deps/vue-i18n.js?v=88d4cd7b:123
[19025977ms] [WARNING] [intlify] Not found 'crud.editBtn' key in 'zh' locale messages. @ http://localhost:2889/node_modules/.vite/deps/vue-i18n.js?v=88d4cd7b:123
[19025977ms] [WARNING] [intlify] Not found 'crud.delBtn' key in 'zh' locale messages. @ http://localhost:2889/node_modules/.vite/deps/vue-i18n.js?v=88d4cd7b:123
[19025978ms] [WARNING] [intlify] Not found 'crud.delBtn' key in 'zh' locale messages. @ http://localhost:2889/node_modules/.vite/deps/vue-i18n.js?v=88d4cd7b:123
[19025978ms] [WARNING] [intlify] Not found 'crud.viewBtn' key in 'zh' locale messages. @ http://localhost:2889/node_modules/.vite/deps/vue-i18n.js?v=88d4cd7b:123
[19025978ms] [WARNING] [intlify] Not found 'crud.viewBtn' key in 'zh' locale messages. @ http://localhost:2889/node_modules/.vite/deps/vue-i18n.js?v=88d4cd7b:123
[19025979ms] [WARNING] [intlify] Not found 'crud.editBtn' key in 'zh' locale messages. @ http://localhost:2889/node_modules/.vite/deps/vue-i18n.js?v=88d4cd7b:123
[19025979ms] [WARNING] [intlify] Not found 'crud.editBtn' key in 'zh' locale messages. @ http://localhost:2889/node_modules/.vite/deps/vue-i18n.js?v=88d4cd7b:123
[19025979ms] [WARNING] [intlify] Not found 'crud.delBtn' key in 'zh' locale messages. @ http://localhost:2889/node_modules/.vite/deps/vue-i18n.js?v=88d4cd7b:123
[19025979ms] [WARNING] [intlify] Not found 'crud.delBtn' key in 'zh' locale messages. @ http://localhost:2889/node_modules/.vite/deps/vue-i18n.js?v=88d4cd7b:123
[19025980ms] [WARNING] [intlify] Not found 'crud.viewBtn' key in 'zh' locale messages. @ http://localhost:2889/node_modules/.vite/deps/vue-i18n.js?v=88d4cd7b:123
[19025981ms] [WARNING] [intlify] Not found 'crud.viewBtn' key in 'zh' locale messages. @ http://localhost:2889/node_modules/.vite/deps/vue-i18n.js?v=88d4cd7b:123
[19025981ms] [WARNING] [intlify] Not found 'crud.editBtn' key in 'zh' locale messages. @ http://localhost:2889/node_modules/.vite/deps/vue-i18n.js?v=88d4cd7b:123
[19025981ms] [WARNING] [intlify] Not found 'crud.editBtn' key in 'zh' locale messages. @ http://localhost:2889/node_modules/.vite/deps/vue-i18n.js?v=88d4cd7b:123
[19025981ms] [WARNING] [intlify] Not found 'crud.delBtn' key in 'zh' locale messages. @ http://localhost:2889/node_modules/.vite/deps/vue-i18n.js?v=88d4cd7b:123
[19025981ms] [WARNING] [intlify] Not found 'crud.delBtn' key in 'zh' locale messages. @ http://localhost:2889/node_modules/.vite/deps/vue-i18n.js?v=88d4cd7b:123
[19025982ms] [WARNING] [intlify] Not found 'crud.viewBtn' key in 'zh' locale messages. @ http://localhost:2889/node_modules/.vite/deps/vue-i18n.js?v=88d4cd7b:123
[19025982ms] [WARNING] [intlify] Not found 'crud.viewBtn' key in 'zh' locale messages. @ http://localhost:2889/node_modules/.vite/deps/vue-i18n.js?v=88d4cd7b:123
[19025982ms] [WARNING] [intlify] Not found 'crud.editBtn' key in 'zh' locale messages. @ http://localhost:2889/node_modules/.vite/deps/vue-i18n.js?v=88d4cd7b:123
[19025983ms] [WARNING] [intlify] Not found 'crud.editBtn' key in 'zh' locale messages. @ http://localhost:2889/node_modules/.vite/deps/vue-i18n.js?v=88d4cd7b:123
[19025983ms] [WARNING] [intlify] Not found 'crud.delBtn' key in 'zh' locale messages. @ http://localhost:2889/node_modules/.vite/deps/vue-i18n.js?v=88d4cd7b:123
[19025983ms] [WARNING] [intlify] Not found 'crud.delBtn' key in 'zh' locale messages. @ http://localhost:2889/node_modules/.vite/deps/vue-i18n.js?v=88d4cd7b:123
[19025983ms] [WARNING] [intlify] Not found 'crud.viewBtn' key in 'zh' locale messages. @ http://localhost:2889/node_modules/.vite/deps/vue-i18n.js?v=88d4cd7b:123
[19025984ms] [WARNING] [intlify] Not found 'crud.viewBtn' key in 'zh' locale messages. @ http://localhost:2889/node_modules/.vite/deps/vue-i18n.js?v=88d4cd7b:123
[19025984ms] [WARNING] [intlify] Not found 'crud.editBtn' key in 'zh' locale messages. @ http://localhost:2889/node_modules/.vite/deps/vue-i18n.js?v=88d4cd7b:123
[19025984ms] [WARNING] [intlify] Not found 'crud.editBtn' key in 'zh' locale messages. @ http://localhost:2889/node_modules/.vite/deps/vue-i18n.js?v=88d4cd7b:123
[19025985ms] [WARNING] [intlify] Not found 'crud.delBtn' key in 'zh' locale messages. @ http://localhost:2889/node_modules/.vite/deps/vue-i18n.js?v=88d4cd7b:123
[19025985ms] [WARNING] [intlify] Not found 'crud.delBtn' key in 'zh' locale messages. @ http://localhost:2889/node_modules/.vite/deps/vue-i18n.js?v=88d4cd7b:123
[19025985ms] [WARNING] [intlify] Not found 'crud.viewBtn' key in 'zh' locale messages. @ http://localhost:2889/node_modules/.vite/deps/vue-i18n.js?v=88d4cd7b:123
[19025985ms] [WARNING] [intlify] Not found 'crud.viewBtn' key in 'zh' locale messages. @ http://localhost:2889/node_modules/.vite/deps/vue-i18n.js?v=88d4cd7b:123
[19025986ms] [WARNING] [intlify] Not found 'crud.editBtn' key in 'zh' locale messages. @ http://localhost:2889/node_modules/.vite/deps/vue-i18n.js?v=88d4cd7b:123
[19025986ms] [WARNING] [intlify] Not found 'crud.editBtn' key in 'zh' locale messages. @ http://localhost:2889/node_modules/.vite/deps/vue-i18n.js?v=88d4cd7b:123
[19025986ms] [WARNING] [intlify] Not found 'crud.delBtn' key in 'zh' locale messages. @ http://localhost:2889/node_modules/.vite/deps/vue-i18n.js?v=88d4cd7b:123
[19025986ms] [WARNING] [intlify] Not found 'crud.delBtn' key in 'zh' locale messages. @ http://localhost:2889/node_modules/.vite/deps/vue-i18n.js?v=88d4cd7b:123
[19025987ms] [WARNING] [intlify] Not found 'crud.viewBtn' key in 'zh' locale messages. @ http://localhost:2889/node_modules/.vite/deps/vue-i18n.js?v=88d4cd7b:123
[19025987ms] [WARNING] [intlify] Not found 'crud.viewBtn' key in 'zh' locale messages. @ http://localhost:2889/node_modules/.vite/deps/vue-i18n.js?v=88d4cd7b:123
[19025987ms] [WARNING] [intlify] Not found 'crud.editBtn' key in 'zh' locale messages. @ http://localhost:2889/node_modules/.vite/deps/vue-i18n.js?v=88d4cd7b:123
[19025988ms] [WARNING] [intlify] Not found 'crud.editBtn' key in 'zh' locale messages. @ http://localhost:2889/node_modules/.vite/deps/vue-i18n.js?v=88d4cd7b:123
[19025988ms] [WARNING] [intlify] Not found 'crud.delBtn' key in 'zh' locale messages. @ http://localhost:2889/node_modules/.vite/deps/vue-i18n.js?v=88d4cd7b:123
[19025988ms] [WARNING] [intlify] Not found 'crud.delBtn' key in 'zh' locale messages. @ http://localhost:2889/node_modules/.vite/deps/vue-i18n.js?v=88d4cd7b:123
[19096098ms] [WARNING] [intlify] Not found 'tip.input' key in 'zh' locale messages. @ http://localhost:2889/node_modules/.vite/deps/vue-i18n.js?v=88d4cd7b:123
[19096099ms] [WARNING] [intlify] Not found 'tip.input' key in 'zh' locale messages. @ http://localhost:2889/node_modules/.vite/deps/vue-i18n.js?v=88d4cd7b:123
[19096100ms] [WARNING] [intlify] Not found 'tip.input' key in 'zh' locale messages. @ http://localhost:2889/node_modules/.vite/deps/vue-i18n.js?v=88d4cd7b:123
[19096101ms] [WARNING] [intlify] Not found 'tip.input' key in 'zh' locale messages. @ http://localhost:2889/node_modules/.vite/deps/vue-i18n.js?v=88d4cd7b:123
[19096102ms] [WARNING] [intlify] Not found 'tip.input' key in 'zh' locale messages. @ http://localhost:2889/node_modules/.vite/deps/vue-i18n.js?v=88d4cd7b:123
[19096102ms] [WARNING] [intlify] Not found 'tip.input' key in 'zh' locale messages. @ http://localhost:2889/node_modules/.vite/deps/vue-i18n.js?v=88d4cd7b:123
[19096103ms] [WARNING] [intlify] Not found 'form.submitBtn' key in 'zh' locale messages. @ http://localhost:2889/node_modules/.vite/deps/vue-i18n.js?v=88d4cd7b:123
[19096103ms] [WARNING] [intlify] Not found 'form.emptyBtn' key in 'zh' locale messages. @ http://localhost:2889/node_modules/.vite/deps/vue-i18n.js?v=88d4cd7b:123
[19096104ms] [WARNING] [intlify] Not found 'crud.viewTitle' key in 'zh' locale messages. @ http://localhost:2889/node_modules/.vite/deps/vue-i18n.js?v=88d4cd7b:123
[19096112ms] [WARNING] [intlify] Not found 'crud.mockBtn' key in 'zh' locale messages. @ http://localhost:2889/node_modules/.vite/deps/vue-i18n.js?v=88d4cd7b:123
[19096112ms] [WARNING] [intlify] Not found 'crud.cancelBtn' key in 'zh' locale messages. @ http://localhost:2889/node_modules/.vite/deps/vue-i18n.js?v=88d4cd7b:123
[19096114ms] [WARNING] [intlify] Not found 'form.submitBtn' key in 'zh' locale messages. @ http://localhost:2889/node_modules/.vite/deps/vue-i18n.js?v=88d4cd7b:123
[19096115ms] [WARNING] [intlify] Not found 'form.submitBtn' key in 'zh' locale messages. @ http://localhost:2889/node_modules/.vite/deps/vue-i18n.js?v=88d4cd7b:123
[19096115ms] [WARNING] [intlify] Not found 'form.emptyBtn' key in 'zh' locale messages. @ http://localhost:2889/node_modules/.vite/deps/vue-i18n.js?v=88d4cd7b:123
[19096116ms] [WARNING] [intlify] Not found 'form.emptyBtn' key in 'zh' locale messages. @ http://localhost:2889/node_modules/.vite/deps/vue-i18n.js?v=88d4cd7b:123
[19096120ms] [WARNING] [intlify] Not found 'tip.input' key in 'zh' locale messages. @ http://localhost:2889/node_modules/.vite/deps/vue-i18n.js?v=88d4cd7b:123
[19096122ms] [WARNING] [intlify] Not found 'tip.input' key in 'zh' locale messages. @ http://localhost:2889/node_modules/.vite/deps/vue-i18n.js?v=88d4cd7b:123
[19096123ms] [WARNING] [intlify] Not found 'tip.select' key in 'zh' locale messages. @ http://localhost:2889/node_modules/.vite/deps/vue-i18n.js?v=88d4cd7b:123
[19096173ms] [WARNING] [intlify] Not found 'tip.input' key in 'zh' locale messages. @ http://localhost:2889/node_modules/.vite/deps/vue-i18n.js?v=88d4cd7b:123
[19096178ms] [WARNING] [intlify] Not found 'tip.input' key in 'zh' locale messages. @ http://localhost:2889/node_modules/.vite/deps/vue-i18n.js?v=88d4cd7b:123
[19096184ms] [WARNING] [intlify] Not found 'tip.input' key in 'zh' locale messages. @ http://localhost:2889/node_modules/.vite/deps/vue-i18n.js?v=88d4cd7b:123
[19096194ms] [WARNING] [intlify] Not found 'tip.input' key in 'zh' locale messages. @ http://localhost:2889/node_modules/.vite/deps/vue-i18n.js?v=88d4cd7b:123
[19096196ms] [WARNING] [intlify] Not found 'tip.input' key in 'zh' locale messages. @ http://localhost:2889/node_modules/.vite/deps/vue-i18n.js?v=88d4cd7b:123
[19096197ms] [WARNING] [intlify] Not found 'tip.select' key in 'zh' locale messages. @ http://localhost:2889/node_modules/.vite/deps/vue-i18n.js?v=88d4cd7b:123
[19096200ms] [WARNING] [intlify] Not found 'tip.input' key in 'zh' locale messages. @ http://localhost:2889/node_modules/.vite/deps/vue-i18n.js?v=88d4cd7b:123
[19096201ms] [WARNING] [intlify] Not found 'tip.input' key in 'zh' locale messages. @ http://localhost:2889/node_modules/.vite/deps/vue-i18n.js?v=88d4cd7b:123
[19096202ms] [WARNING] [intlify] Not found 'tip.input' key in 'zh' locale messages. @ http://localhost:2889/node_modules/.vite/deps/vue-i18n.js?v=88d4cd7b:123
[19096222ms] [WARNING] [intlify] Not found 'tip.input' key in 'zh' locale messages. @ http://localhost:2889/node_modules/.vite/deps/vue-i18n.js?v=88d4cd7b:123
[19096223ms] [WARNING] [intlify] Not found 'tip.input' key in 'zh' locale messages. @ http://localhost:2889/node_modules/.vite/deps/vue-i18n.js?v=88d4cd7b:123
[19096224ms] [WARNING] [intlify] Not found 'tip.input' key in 'zh' locale messages. @ http://localhost:2889/node_modules/.vite/deps/vue-i18n.js?v=88d4cd7b:123
[19096224ms] [WARNING] [intlify] Not found 'tip.input' key in 'zh' locale messages. @ http://localhost:2889/node_modules/.vite/deps/vue-i18n.js?v=88d4cd7b:123
[19096225ms] [WARNING] [intlify] Not found 'tip.input' key in 'zh' locale messages. @ http://localhost:2889/node_modules/.vite/deps/vue-i18n.js?v=88d4cd7b:123
[19096225ms] [WARNING] [intlify] Not found 'tip.input' key in 'zh' locale messages. @ http://localhost:2889/node_modules/.vite/deps/vue-i18n.js?v=88d4cd7b:123
[19096226ms] [WARNING] [intlify] Not found 'form.submitBtn' key in 'zh' locale messages. @ http://localhost:2889/node_modules/.vite/deps/vue-i18n.js?v=88d4cd7b:123
[19096226ms] [WARNING] [intlify] Not found 'form.emptyBtn' key in 'zh' locale messages. @ http://localhost:2889/node_modules/.vite/deps/vue-i18n.js?v=88d4cd7b:123
[19096228ms] [WARNING] [intlify] Not found 'tip.input' key in 'zh' locale messages. @ http://localhost:2889/node_modules/.vite/deps/vue-i18n.js?v=88d4cd7b:123
[19096229ms] [WARNING] [intlify] Not found 'tip.input' key in 'zh' locale messages. @ http://localhost:2889/node_modules/.vite/deps/vue-i18n.js?v=88d4cd7b:123
[19096230ms] [WARNING] [intlify] Not found 'tip.select' key in 'zh' locale messages. @ http://localhost:2889/node_modules/.vite/deps/vue-i18n.js?v=88d4cd7b:123
[19096233ms] [WARNING] [intlify] Not found 'tip.input' key in 'zh' locale messages. @ http://localhost:2889/node_modules/.vite/deps/vue-i18n.js?v=88d4cd7b:123
[19096234ms] [WARNING] [intlify] Not found 'tip.input' key in 'zh' locale messages. @ http://localhost:2889/node_modules/.vite/deps/vue-i18n.js?v=88d4cd7b:123
[19096235ms] [WARNING] [intlify] Not found 'tip.input' key in 'zh' locale messages. @ http://localhost:2889/node_modules/.vite/deps/vue-i18n.js?v=88d4cd7b:123
[19096256ms] [WARNING] [intlify] Not found 'tip.input' key in 'zh' locale messages. @ http://localhost:2889/node_modules/.vite/deps/vue-i18n.js?v=88d4cd7b:123
[19096256ms] [WARNING] [intlify] Not found 'tip.input' key in 'zh' locale messages. @ http://localhost:2889/node_modules/.vite/deps/vue-i18n.js?v=88d4cd7b:123
[19096257ms] [WARNING] [intlify] Not found 'tip.input' key in 'zh' locale messages. @ http://localhost:2889/node_modules/.vite/deps/vue-i18n.js?v=88d4cd7b:123
[19096258ms] [WARNING] [intlify] Not found 'tip.input' key in 'zh' locale messages. @ http://localhost:2889/node_modules/.vite/deps/vue-i18n.js?v=88d4cd7b:123
[19096260ms] [WARNING] [intlify] Not found 'tip.input' key in 'zh' locale messages. @ http://localhost:2889/node_modules/.vite/deps/vue-i18n.js?v=88d4cd7b:123
[19096260ms] [WARNING] [intlify] Not found 'tip.input' key in 'zh' locale messages. @ http://localhost:2889/node_modules/.vite/deps/vue-i18n.js?v=88d4cd7b:123
[19096261ms] [WARNING] [intlify] Not found 'form.submitBtn' key in 'zh' locale messages. @ http://localhost:2889/node_modules/.vite/deps/vue-i18n.js?v=88d4cd7b:123
[19096262ms] [WARNING] [intlify] Not found 'form.emptyBtn' key in 'zh' locale messages. @ http://localhost:2889/node_modules/.vite/deps/vue-i18n.js?v=88d4cd7b:123
[19096265ms] [WARNING] [intlify] Not found 'tip.input' key in 'zh' locale messages. @ http://localhost:2889/node_modules/.vite/deps/vue-i18n.js?v=88d4cd7b:123
[19096266ms] [WARNING] [intlify] Not found 'tip.input' key in 'zh' locale messages. @ http://localhost:2889/node_modules/.vite/deps/vue-i18n.js?v=88d4cd7b:123
[19096267ms] [WARNING] [intlify] Not found 'tip.select' key in 'zh' locale messages. @ http://localhost:2889/node_modules/.vite/deps/vue-i18n.js?v=88d4cd7b:123
[19096270ms] [WARNING] [intlify] Not found 'tip.input' key in 'zh' locale messages. @ http://localhost:2889/node_modules/.vite/deps/vue-i18n.js?v=88d4cd7b:123
[19096271ms] [WARNING] [intlify] Not found 'tip.input' key in 'zh' locale messages. @ http://localhost:2889/node_modules/.vite/deps/vue-i18n.js?v=88d4cd7b:123
[19096272ms] [WARNING] [intlify] Not found 'tip.input' key in 'zh' locale messages. @ http://localhost:2889/node_modules/.vite/deps/vue-i18n.js?v=88d4cd7b:123
[19096273ms] [WARNING] [intlify] Not found 'tip.input' key in 'zh' locale messages. @ http://localhost:2889/node_modules/.vite/deps/vue-i18n.js?v=88d4cd7b:123
[19096274ms] [WARNING] [intlify] Not found 'tip.input' key in 'zh' locale messages. @ http://localhost:2889/node_modules/.vite/deps/vue-i18n.js?v=88d4cd7b:123
[19096275ms] [WARNING] [intlify] Not found 'tip.input' key in 'zh' locale messages. @ http://localhost:2889/node_modules/.vite/deps/vue-i18n.js?v=88d4cd7b:123
[19096275ms] [WARNING] [intlify] Not found 'tip.input' key in 'zh' locale messages. @ http://localhost:2889/node_modules/.vite/deps/vue-i18n.js?v=88d4cd7b:123
[19096276ms] [WARNING] [intlify] Not found 'tip.input' key in 'zh' locale messages. @ http://localhost:2889/node_modules/.vite/deps/vue-i18n.js?v=88d4cd7b:123
[19096277ms] [WARNING] [intlify] Not found 'tip.input' key in 'zh' locale messages. @ http://localhost:2889/node_modules/.vite/deps/vue-i18n.js?v=88d4cd7b:123
[19096277ms] [WARNING] [intlify] Not found 'form.submitBtn' key in 'zh' locale messages. @ http://localhost:2889/node_modules/.vite/deps/vue-i18n.js?v=88d4cd7b:123
[19096278ms] [WARNING] [intlify] Not found 'form.emptyBtn' key in 'zh' locale messages. @ http://localhost:2889/node_modules/.vite/deps/vue-i18n.js?v=88d4cd7b:123
[19096280ms] [WARNING] [intlify] Not found 'tip.input' key in 'zh' locale messages. @ http://localhost:2889/node_modules/.vite/deps/vue-i18n.js?v=88d4cd7b:123
[19096282ms] [WARNING] [intlify] Not found 'tip.input' key in 'zh' locale messages. @ http://localhost:2889/node_modules/.vite/deps/vue-i18n.js?v=88d4cd7b:123
[19096283ms] [WARNING] [intlify] Not found 'tip.select' key in 'zh' locale messages. @ http://localhost:2889/node_modules/.vite/deps/vue-i18n.js?v=88d4cd7b:123
[19096285ms] [WARNING] [intlify] Not found 'tip.input' key in 'zh' locale messages. @ http://localhost:2889/node_modules/.vite/deps/vue-i18n.js?v=88d4cd7b:123
[19096286ms] [WARNING] [intlify] Not found 'tip.input' key in 'zh' locale messages. @ http://localhost:2889/node_modules/.vite/deps/vue-i18n.js?v=88d4cd7b:123
[19096287ms] [WARNING] [intlify] Not found 'tip.input' key in 'zh' locale messages. @ http://localhost:2889/node_modules/.vite/deps/vue-i18n.js?v=88d4cd7b:123
[19147722ms] [WARNING] [intlify] Not found 'tip.input' key in 'zh' locale messages. @ http://localhost:2889/node_modules/.vite/deps/vue-i18n.js?v=88d4cd7b:123
[19147723ms] [WARNING] [intlify] Not found 'tip.input' key in 'zh' locale messages. @ http://localhost:2889/node_modules/.vite/deps/vue-i18n.js?v=88d4cd7b:123
[19147725ms] [WARNING] [intlify] Not found 'tip.input' key in 'zh' locale messages. @ http://localhost:2889/node_modules/.vite/deps/vue-i18n.js?v=88d4cd7b:123
[19147726ms] [WARNING] [intlify] Not found 'tip.input' key in 'zh' locale messages. @ http://localhost:2889/node_modules/.vite/deps/vue-i18n.js?v=88d4cd7b:123
[19147727ms] [WARNING] [intlify] Not found 'tip.input' key in 'zh' locale messages. @ http://localhost:2889/node_modules/.vite/deps/vue-i18n.js?v=88d4cd7b:123
[19147728ms] [WARNING] [intlify] Not found 'tip.input' key in 'zh' locale messages. @ http://localhost:2889/node_modules/.vite/deps/vue-i18n.js?v=88d4cd7b:123
[19147731ms] [WARNING] [intlify] Not found 'form.submitBtn' key in 'zh' locale messages. @ http://localhost:2889/node_modules/.vite/deps/vue-i18n.js?v=88d4cd7b:123
[19147732ms] [WARNING] [intlify] Not found 'form.emptyBtn' key in 'zh' locale messages. @ http://localhost:2889/node_modules/.vite/deps/vue-i18n.js?v=88d4cd7b:123
[19177830ms] [WARNING] [intlify] Not found 'tip.input' key in 'zh' locale messages. @ http://localhost:2889/node_modules/.vite/deps/vue-i18n.js?v=88d4cd7b:123
[19177830ms] [WARNING] [intlify] Not found 'tip.input' key in 'zh' locale messages. @ http://localhost:2889/node_modules/.vite/deps/vue-i18n.js?v=88d4cd7b:123
[19225823ms] [WARNING] [intlify] Not found 'tip.input' key in 'zh' locale messages. @ http://localhost:2889/node_modules/.vite/deps/vue-i18n.js?v=88d4cd7b:123
[19225823ms] [WARNING] [intlify] Not found 'tip.input' key in 'zh' locale messages. @ http://localhost:2889/node_modules/.vite/deps/vue-i18n.js?v=88d4cd7b:123
[19225824ms] [WARNING] [intlify] Not found 'tip.input' key in 'zh' locale messages. @ http://localhost:2889/node_modules/.vite/deps/vue-i18n.js?v=88d4cd7b:123
[19225825ms] [WARNING] [intlify] Not found 'tip.input' key in 'zh' locale messages. @ http://localhost:2889/node_modules/.vite/deps/vue-i18n.js?v=88d4cd7b:123
[19225825ms] [WARNING] [intlify] Not found 'tip.input' key in 'zh' locale messages. @ http://localhost:2889/node_modules/.vite/deps/vue-i18n.js?v=88d4cd7b:123
[19225826ms] [WARNING] [intlify] Not found 'tip.input' key in 'zh' locale messages. @ http://localhost:2889/node_modules/.vite/deps/vue-i18n.js?v=88d4cd7b:123
[19225827ms] [WARNING] [intlify] Not found 'form.submitBtn' key in 'zh' locale messages. @ http://localhost:2889/node_modules/.vite/deps/vue-i18n.js?v=88d4cd7b:123
[19225827ms] [WARNING] [intlify] Not found 'form.emptyBtn' key in 'zh' locale messages. @ http://localhost:2889/node_modules/.vite/deps/vue-i18n.js?v=88d4cd7b:123
[19225832ms] [WARNING] [intlify] Not found 'crud.menu' key in 'zh' locale messages. @ http://localhost:2889/node_modules/.vite/deps/vue-i18n.js?v=88d4cd7b:123
[19225891ms] [WARNING] [intlify] Not found 'tip.input' key in 'zh' locale messages. @ http://localhost:2889/node_modules/.vite/deps/vue-i18n.js?v=88d4cd7b:123
[19225892ms] [WARNING] [intlify] Not found 'tip.input' key in 'zh' locale messages. @ http://localhost:2889/node_modules/.vite/deps/vue-i18n.js?v=88d4cd7b:123
[19225893ms] [WARNING] [intlify] Not found 'tip.input' key in 'zh' locale messages. @ http://localhost:2889/node_modules/.vite/deps/vue-i18n.js?v=88d4cd7b:123
[19225893ms] [WARNING] [intlify] Not found 'tip.input' key in 'zh' locale messages. @ http://localhost:2889/node_modules/.vite/deps/vue-i18n.js?v=88d4cd7b:123
[19225894ms] [WARNING] [intlify] Not found 'tip.input' key in 'zh' locale messages. @ http://localhost:2889/node_modules/.vite/deps/vue-i18n.js?v=88d4cd7b:123
[19225894ms] [WARNING] [intlify] Not found 'tip.input' key in 'zh' locale messages. @ http://localhost:2889/node_modules/.vite/deps/vue-i18n.js?v=88d4cd7b:123
[19225895ms] [WARNING] [intlify] Not found 'form.submitBtn' key in 'zh' locale messages. @ http://localhost:2889/node_modules/.vite/deps/vue-i18n.js?v=88d4cd7b:123
[19225896ms] [WARNING] [intlify] Not found 'form.emptyBtn' key in 'zh' locale messages. @ http://localhost:2889/node_modules/.vite/deps/vue-i18n.js?v=88d4cd7b:123
[19225900ms] [WARNING] [intlify] Not found 'crud.menu' key in 'zh' locale messages. @ http://localhost:2889/node_modules/.vite/deps/vue-i18n.js?v=88d4cd7b:123
[19225901ms] [WARNING] [intlify] Not found 'crud.menu' key in 'zh' locale messages. @ http://localhost:2889/node_modules/.vite/deps/vue-i18n.js?v=88d4cd7b:123
[19225908ms] [WARNING] [intlify] Not found 'crud.viewBtn' key in 'zh' locale messages. @ http://localhost:2889/node_modules/.vite/deps/vue-i18n.js?v=88d4cd7b:123
[19225908ms] [WARNING] [intlify] Not found 'crud.editBtn' key in 'zh' locale messages. @ http://localhost:2889/node_modules/.vite/deps/vue-i18n.js?v=88d4cd7b:123
[19225909ms] [WARNING] [intlify] Not found 'crud.delBtn' key in 'zh' locale messages. @ http://localhost:2889/node_modules/.vite/deps/vue-i18n.js?v=88d4cd7b:123
[19225909ms] [WARNING] [intlify] Not found 'crud.viewBtn' key in 'zh' locale messages. @ http://localhost:2889/node_modules/.vite/deps/vue-i18n.js?v=88d4cd7b:123
[19225910ms] [WARNING] [intlify] Not found 'crud.editBtn' key in 'zh' locale messages. @ http://localhost:2889/node_modules/.vite/deps/vue-i18n.js?v=88d4cd7b:123
[19225910ms] [WARNING] [intlify] Not found 'crud.delBtn' key in 'zh' locale messages. @ http://localhost:2889/node_modules/.vite/deps/vue-i18n.js?v=88d4cd7b:123
[19225912ms] [WARNING] [intlify] Not found 'crud.viewBtn' key in 'zh' locale messages. @ http://localhost:2889/node_modules/.vite/deps/vue-i18n.js?v=88d4cd7b:123
[19225913ms] [WARNING] [intlify] Not found 'crud.editBtn' key in 'zh' locale messages. @ http://localhost:2889/node_modules/.vite/deps/vue-i18n.js?v=88d4cd7b:123
[19225913ms] [WARNING] [intlify] Not found 'crud.delBtn' key in 'zh' locale messages. @ http://localhost:2889/node_modules/.vite/deps/vue-i18n.js?v=88d4cd7b:123
[19225915ms] [WARNING] [intlify] Not found 'crud.viewBtn' key in 'zh' locale messages. @ http://localhost:2889/node_modules/.vite/deps/vue-i18n.js?v=88d4cd7b:123
[19225916ms] [WARNING] [intlify] Not found 'crud.editBtn' key in 'zh' locale messages. @ http://localhost:2889/node_modules/.vite/deps/vue-i18n.js?v=88d4cd7b:123
[19225918ms] [WARNING] [intlify] Not found 'crud.delBtn' key in 'zh' locale messages. @ http://localhost:2889/node_modules/.vite/deps/vue-i18n.js?v=88d4cd7b:123
[19225922ms] [WARNING] [intlify] Not found 'crud.viewBtn' key in 'zh' locale messages. @ http://localhost:2889/node_modules/.vite/deps/vue-i18n.js?v=88d4cd7b:123
[19225923ms] [WARNING] [intlify] Not found 'crud.editBtn' key in 'zh' locale messages. @ http://localhost:2889/node_modules/.vite/deps/vue-i18n.js?v=88d4cd7b:123
[19225923ms] [WARNING] [intlify] Not found 'crud.delBtn' key in 'zh' locale messages. @ http://localhost:2889/node_modules/.vite/deps/vue-i18n.js?v=88d4cd7b:123
[19225925ms] [WARNING] [intlify] Not found 'crud.viewBtn' key in 'zh' locale messages. @ http://localhost:2889/node_modules/.vite/deps/vue-i18n.js?v=88d4cd7b:123
[19225925ms] [WARNING] [intlify] Not found 'crud.editBtn' key in 'zh' locale messages. @ http://localhost:2889/node_modules/.vite/deps/vue-i18n.js?v=88d4cd7b:123
[19225926ms] [WARNING] [intlify] Not found 'crud.delBtn' key in 'zh' locale messages. @ http://localhost:2889/node_modules/.vite/deps/vue-i18n.js?v=88d4cd7b:123
[19225928ms] [WARNING] [intlify] Not found 'crud.viewBtn' key in 'zh' locale messages. @ http://localhost:2889/node_modules/.vite/deps/vue-i18n.js?v=88d4cd7b:123
[19225928ms] [WARNING] [intlify] Not found 'crud.editBtn' key in 'zh' locale messages. @ http://localhost:2889/node_modules/.vite/deps/vue-i18n.js?v=88d4cd7b:123
[19225929ms] [WARNING] [intlify] Not found 'crud.delBtn' key in 'zh' locale messages. @ http://localhost:2889/node_modules/.vite/deps/vue-i18n.js?v=88d4cd7b:123
[19225978ms] [WARNING] [intlify] Not found 'crud.searchBtn' key in 'zh' locale messages. @ http://localhost:2889/node_modules/.vite/deps/vue-i18n.js?v=88d4cd7b:123
[19225978ms] [WARNING] [intlify] Not found 'crud.emptyBtn' key in 'zh' locale messages. @ http://localhost:2889/node_modules/.vite/deps/vue-i18n.js?v=88d4cd7b:123
[19225979ms] [WARNING] [intlify] Not found 'tip.input' key in 'zh' locale messages. @ http://localhost:2889/node_modules/.vite/deps/vue-i18n.js?v=88d4cd7b:123
[19225980ms] [WARNING] [intlify] Not found 'tip.input' key in 'zh' locale messages. @ http://localhost:2889/node_modules/.vite/deps/vue-i18n.js?v=88d4cd7b:123
[19225981ms] [WARNING] [intlify] Not found 'tip.input' key in 'zh' locale messages. @ http://localhost:2889/node_modules/.vite/deps/vue-i18n.js?v=88d4cd7b:123
[19225981ms] [WARNING] [intlify] Not found 'tip.input' key in 'zh' locale messages. @ http://localhost:2889/node_modules/.vite/deps/vue-i18n.js?v=88d4cd7b:123
[19225982ms] [WARNING] [intlify] Not found 'tip.input' key in 'zh' locale messages. @ http://localhost:2889/node_modules/.vite/deps/vue-i18n.js?v=88d4cd7b:123
[19225983ms] [WARNING] [intlify] Not found 'tip.input' key in 'zh' locale messages. @ http://localhost:2889/node_modules/.vite/deps/vue-i18n.js?v=88d4cd7b:123
[19225983ms] [WARNING] [intlify] Not found 'form.submitBtn' key in 'zh' locale messages. @ http://localhost:2889/node_modules/.vite/deps/vue-i18n.js?v=88d4cd7b:123
[19225984ms] [WARNING] [intlify] Not found 'form.submitBtn' key in 'zh' locale messages. @ http://localhost:2889/node_modules/.vite/deps/vue-i18n.js?v=88d4cd7b:123
[19225984ms] [WARNING] [intlify] Not found 'form.emptyBtn' key in 'zh' locale messages. @ http://localhost:2889/node_modules/.vite/deps/vue-i18n.js?v=88d4cd7b:123
[19225985ms] [WARNING] [intlify] Not found 'form.emptyBtn' key in 'zh' locale messages. @ http://localhost:2889/node_modules/.vite/deps/vue-i18n.js?v=88d4cd7b:123
[19225985ms] [WARNING] [intlify] Not found 'crud.addBtn' key in 'zh' locale messages. @ http://localhost:2889/node_modules/.vite/deps/vue-i18n.js?v=88d4cd7b:123
[19225986ms] [WARNING] [intlify] Not found 'crud.addBtn' key in 'zh' locale messages. @ http://localhost:2889/node_modules/.vite/deps/vue-i18n.js?v=88d4cd7b:123
[19225987ms] [WARNING] [intlify] Not found 'crud.menu' key in 'zh' locale messages. @ http://localhost:2889/node_modules/.vite/deps/vue-i18n.js?v=88d4cd7b:123
[19225988ms] [WARNING] [intlify] Not found 'crud.menu' key in 'zh' locale messages. @ http://localhost:2889/node_modules/.vite/deps/vue-i18n.js?v=88d4cd7b:123
[19225988ms] [WARNING] [intlify] Not found 'crud.viewBtn' key in 'zh' locale messages. @ http://localhost:2889/node_modules/.vite/deps/vue-i18n.js?v=88d4cd7b:123
[19225989ms] [WARNING] [intlify] Not found 'crud.viewBtn' key in 'zh' locale messages. @ http://localhost:2889/node_modules/.vite/deps/vue-i18n.js?v=88d4cd7b:123
[19225989ms] [WARNING] [intlify] Not found 'crud.editBtn' key in 'zh' locale messages. @ http://localhost:2889/node_modules/.vite/deps/vue-i18n.js?v=88d4cd7b:123
[19225989ms] [WARNING] [intlify] Not found 'crud.editBtn' key in 'zh' locale messages. @ http://localhost:2889/node_modules/.vite/deps/vue-i18n.js?v=88d4cd7b:123
[19225989ms] [WARNING] [intlify] Not found 'crud.delBtn' key in 'zh' locale messages. @ http://localhost:2889/node_modules/.vite/deps/vue-i18n.js?v=88d4cd7b:123
[19225989ms] [WARNING] [intlify] Not found 'crud.delBtn' key in 'zh' locale messages. @ http://localhost:2889/node_modules/.vite/deps/vue-i18n.js?v=88d4cd7b:123
[19225990ms] [WARNING] [intlify] Not found 'crud.viewBtn' key in 'zh' locale messages. @ http://localhost:2889/node_modules/.vite/deps/vue-i18n.js?v=88d4cd7b:123
[19225990ms] [WARNING] [intlify] Not found 'crud.viewBtn' key in 'zh' locale messages. @ http://localhost:2889/node_modules/.vite/deps/vue-i18n.js?v=88d4cd7b:123
[19225991ms] [WARNING] [intlify] Not found 'crud.editBtn' key in 'zh' locale messages. @ http://localhost:2889/node_modules/.vite/deps/vue-i18n.js?v=88d4cd7b:123
[19225991ms] [WARNING] [intlify] Not found 'crud.editBtn' key in 'zh' locale messages. @ http://localhost:2889/node_modules/.vite/deps/vue-i18n.js?v=88d4cd7b:123
[19225991ms] [WARNING] [intlify] Not found 'crud.delBtn' key in 'zh' locale messages. @ http://localhost:2889/node_modules/.vite/deps/vue-i18n.js?v=88d4cd7b:123
[19225991ms] [WARNING] [intlify] Not found 'crud.delBtn' key in 'zh' locale messages. @ http://localhost:2889/node_modules/.vite/deps/vue-i18n.js?v=88d4cd7b:123
[19225992ms] [WARNING] [intlify] Not found 'crud.viewBtn' key in 'zh' locale messages. @ http://localhost:2889/node_modules/.vite/deps/vue-i18n.js?v=88d4cd7b:123
[19225993ms] [WARNING] [intlify] Not found 'crud.viewBtn' key in 'zh' locale messages. @ http://localhost:2889/node_modules/.vite/deps/vue-i18n.js?v=88d4cd7b:123
[19225993ms] [WARNING] [intlify] Not found 'crud.editBtn' key in 'zh' locale messages. @ http://localhost:2889/node_modules/.vite/deps/vue-i18n.js?v=88d4cd7b:123
[19225993ms] [WARNING] [intlify] Not found 'crud.editBtn' key in 'zh' locale messages. @ http://localhost:2889/node_modules/.vite/deps/vue-i18n.js?v=88d4cd7b:123
[19225993ms] [WARNING] [intlify] Not found 'crud.delBtn' key in 'zh' locale messages. @ http://localhost:2889/node_modules/.vite/deps/vue-i18n.js?v=88d4cd7b:123
[19225993ms] [WARNING] [intlify] Not found 'crud.delBtn' key in 'zh' locale messages. @ http://localhost:2889/node_modules/.vite/deps/vue-i18n.js?v=88d4cd7b:123
[19225994ms] [WARNING] [intlify] Not found 'crud.viewBtn' key in 'zh' locale messages. @ http://localhost:2889/node_modules/.vite/deps/vue-i18n.js?v=88d4cd7b:123
[19225994ms] [WARNING] [intlify] Not found 'crud.viewBtn' key in 'zh' locale messages. @ http://localhost:2889/node_modules/.vite/deps/vue-i18n.js?v=88d4cd7b:123
[19225995ms] [WARNING] [intlify] Not found 'crud.editBtn' key in 'zh' locale messages. @ http://localhost:2889/node_modules/.vite/deps/vue-i18n.js?v=88d4cd7b:123
[19225995ms] [WARNING] [intlify] Not found 'crud.editBtn' key in 'zh' locale messages. @ http://localhost:2889/node_modules/.vite/deps/vue-i18n.js?v=88d4cd7b:123
[19225995ms] [WARNING] [intlify] Not found 'crud.delBtn' key in 'zh' locale messages. @ http://localhost:2889/node_modules/.vite/deps/vue-i18n.js?v=88d4cd7b:123
[19225995ms] [WARNING] [intlify] Not found 'crud.delBtn' key in 'zh' locale messages. @ http://localhost:2889/node_modules/.vite/deps/vue-i18n.js?v=88d4cd7b:123
[19225996ms] [WARNING] [intlify] Not found 'crud.viewBtn' key in 'zh' locale messages. @ http://localhost:2889/node_modules/.vite/deps/vue-i18n.js?v=88d4cd7b:123
[19225996ms] [WARNING] [intlify] Not found 'crud.viewBtn' key in 'zh' locale messages. @ http://localhost:2889/node_modules/.vite/deps/vue-i18n.js?v=88d4cd7b:123
[19225996ms] [WARNING] [intlify] Not found 'crud.editBtn' key in 'zh' locale messages. @ http://localhost:2889/node_modules/.vite/deps/vue-i18n.js?v=88d4cd7b:123
[19225996ms] [WARNING] [intlify] Not found 'crud.editBtn' key in 'zh' locale messages. @ http://localhost:2889/node_modules/.vite/deps/vue-i18n.js?v=88d4cd7b:123
[19225997ms] [WARNING] [intlify] Not found 'crud.delBtn' key in 'zh' locale messages. @ http://localhost:2889/node_modules/.vite/deps/vue-i18n.js?v=88d4cd7b:123
[19225997ms] [WARNING] [intlify] Not found 'crud.delBtn' key in 'zh' locale messages. @ http://localhost:2889/node_modules/.vite/deps/vue-i18n.js?v=88d4cd7b:123
[19225998ms] [WARNING] [intlify] Not found 'crud.viewBtn' key in 'zh' locale messages. @ http://localhost:2889/node_modules/.vite/deps/vue-i18n.js?v=88d4cd7b:123
[19225998ms] [WARNING] [intlify] Not found 'crud.viewBtn' key in 'zh' locale messages. @ http://localhost:2889/node_modules/.vite/deps/vue-i18n.js?v=88d4cd7b:123
[19225998ms] [WARNING] [intlify] Not found 'crud.editBtn' key in 'zh' locale messages. @ http://localhost:2889/node_modules/.vite/deps/vue-i18n.js?v=88d4cd7b:123
[19225998ms] [WARNING] [intlify] Not found 'crud.editBtn' key in 'zh' locale messages. @ http://localhost:2889/node_modules/.vite/deps/vue-i18n.js?v=88d4cd7b:123
[19225998ms] [WARNING] [intlify] Not found 'crud.delBtn' key in 'zh' locale messages. @ http://localhost:2889/node_modules/.vite/deps/vue-i18n.js?v=88d4cd7b:123
[19225999ms] [WARNING] [intlify] Not found 'crud.delBtn' key in 'zh' locale messages. @ http://localhost:2889/node_modules/.vite/deps/vue-i18n.js?v=88d4cd7b:123
[19225999ms] [WARNING] [intlify] Not found 'crud.viewBtn' key in 'zh' locale messages. @ http://localhost:2889/node_modules/.vite/deps/vue-i18n.js?v=88d4cd7b:123
[19226000ms] [WARNING] [intlify] Not found 'crud.viewBtn' key in 'zh' locale messages. @ http://localhost:2889/node_modules/.vite/deps/vue-i18n.js?v=88d4cd7b:123
[19226000ms] [WARNING] [intlify] Not found 'crud.editBtn' key in 'zh' locale messages. @ http://localhost:2889/node_modules/.vite/deps/vue-i18n.js?v=88d4cd7b:123
[19226000ms] [WARNING] [intlify] Not found 'crud.editBtn' key in 'zh' locale messages. @ http://localhost:2889/node_modules/.vite/deps/vue-i18n.js?v=88d4cd7b:123
[19226000ms] [WARNING] [intlify] Not found 'crud.delBtn' key in 'zh' locale messages. @ http://localhost:2889/node_modules/.vite/deps/vue-i18n.js?v=88d4cd7b:123
[19226000ms] [WARNING] [intlify] Not found 'crud.delBtn' key in 'zh' locale messages. @ http://localhost:2889/node_modules/.vite/deps/vue-i18n.js?v=88d4cd7b:123
[19277966ms] [WARNING] [intlify] Not found 'tip.input' key in 'zh' locale messages. @ http://localhost:2889/node_modules/.vite/deps/vue-i18n.js?v=88d4cd7b:123
[19277966ms] [WARNING] [intlify] Not found 'tip.input' key in 'zh' locale messages. @ http://localhost:2889/node_modules/.vite/deps/vue-i18n.js?v=88d4cd7b:123
[19277968ms] [WARNING] [intlify] Not found 'tip.input' key in 'zh' locale messages. @ http://localhost:2889/node_modules/.vite/deps/vue-i18n.js?v=88d4cd7b:123
[19277969ms] [WARNING] [intlify] Not found 'tip.input' key in 'zh' locale messages. @ http://localhost:2889/node_modules/.vite/deps/vue-i18n.js?v=88d4cd7b:123
[19277970ms] [WARNING] [intlify] Not found 'tip.input' key in 'zh' locale messages. @ http://localhost:2889/node_modules/.vite/deps/vue-i18n.js?v=88d4cd7b:123
[19277970ms] [WARNING] [intlify] Not found 'tip.input' key in 'zh' locale messages. @ http://localhost:2889/node_modules/.vite/deps/vue-i18n.js?v=88d4cd7b:123
[19277971ms] [WARNING] [intlify] Not found 'tip.input' key in 'zh' locale messages. @ http://localhost:2889/node_modules/.vite/deps/vue-i18n.js?v=88d4cd7b:123
[19277972ms] [WARNING] [intlify] Not found 'tip.input' key in 'zh' locale messages. @ http://localhost:2889/node_modules/.vite/deps/vue-i18n.js?v=88d4cd7b:123
[19277972ms] [WARNING] [intlify] Not found 'form.submitBtn' key in 'zh' locale messages. @ http://localhost:2889/node_modules/.vite/deps/vue-i18n.js?v=88d4cd7b:123
[19277973ms] [WARNING] [intlify] Not found 'form.emptyBtn' key in 'zh' locale messages. @ http://localhost:2889/node_modules/.vite/deps/vue-i18n.js?v=88d4cd7b:123
[19277974ms] [WARNING] [intlify] Not found 'crud.menu' key in 'zh' locale messages. @ http://localhost:2889/node_modules/.vite/deps/vue-i18n.js?v=88d4cd7b:123
[19278020ms] [WARNING] [intlify] Not found 'tip.input' key in 'zh' locale messages. @ http://localhost:2889/node_modules/.vite/deps/vue-i18n.js?v=88d4cd7b:123
[19278020ms] [WARNING] [intlify] Not found 'tip.input' key in 'zh' locale messages. @ http://localhost:2889/node_modules/.vite/deps/vue-i18n.js?v=88d4cd7b:123
[19278021ms] [WARNING] [intlify] Not found 'tip.input' key in 'zh' locale messages. @ http://localhost:2889/node_modules/.vite/deps/vue-i18n.js?v=88d4cd7b:123
[19278022ms] [WARNING] [intlify] Not found 'tip.input' key in 'zh' locale messages. @ http://localhost:2889/node_modules/.vite/deps/vue-i18n.js?v=88d4cd7b:123
[19278023ms] [WARNING] [intlify] Not found 'tip.input' key in 'zh' locale messages. @ http://localhost:2889/node_modules/.vite/deps/vue-i18n.js?v=88d4cd7b:123
[19278023ms] [WARNING] [intlify] Not found 'tip.input' key in 'zh' locale messages. @ http://localhost:2889/node_modules/.vite/deps/vue-i18n.js?v=88d4cd7b:123
[19278024ms] [WARNING] [intlify] Not found 'form.submitBtn' key in 'zh' locale messages. @ http://localhost:2889/node_modules/.vite/deps/vue-i18n.js?v=88d4cd7b:123
[19278024ms] [WARNING] [intlify] Not found 'form.emptyBtn' key in 'zh' locale messages. @ http://localhost:2889/node_modules/.vite/deps/vue-i18n.js?v=88d4cd7b:123
[19278026ms] [WARNING] [intlify] Not found 'crud.menu' key in 'zh' locale messages. @ http://localhost:2889/node_modules/.vite/deps/vue-i18n.js?v=88d4cd7b:123
[19278027ms] [WARNING] [intlify] Not found 'crud.menu' key in 'zh' locale messages. @ http://localhost:2889/node_modules/.vite/deps/vue-i18n.js?v=88d4cd7b:123
[19278041ms] [WARNING] [intlify] Not found 'crud.viewBtn' key in 'zh' locale messages. @ http://localhost:2889/node_modules/.vite/deps/vue-i18n.js?v=88d4cd7b:123
[19278041ms] [WARNING] [intlify] Not found 'crud.editBtn' key in 'zh' locale messages. @ http://localhost:2889/node_modules/.vite/deps/vue-i18n.js?v=88d4cd7b:123
[19278041ms] [WARNING] [intlify] Not found 'crud.delBtn' key in 'zh' locale messages. @ http://localhost:2889/node_modules/.vite/deps/vue-i18n.js?v=88d4cd7b:123
[19278043ms] [WARNING] [intlify] Not found 'crud.viewBtn' key in 'zh' locale messages. @ http://localhost:2889/node_modules/.vite/deps/vue-i18n.js?v=88d4cd7b:123
[19278043ms] [WARNING] [intlify] Not found 'crud.editBtn' key in 'zh' locale messages. @ http://localhost:2889/node_modules/.vite/deps/vue-i18n.js?v=88d4cd7b:123
[19278044ms] [WARNING] [intlify] Not found 'crud.delBtn' key in 'zh' locale messages. @ http://localhost:2889/node_modules/.vite/deps/vue-i18n.js?v=88d4cd7b:123
[19278045ms] [WARNING] [intlify] Not found 'crud.viewBtn' key in 'zh' locale messages. @ http://localhost:2889/node_modules/.vite/deps/vue-i18n.js?v=88d4cd7b:123
[19278045ms] [WARNING] [intlify] Not found 'crud.editBtn' key in 'zh' locale messages. @ http://localhost:2889/node_modules/.vite/deps/vue-i18n.js?v=88d4cd7b:123
[19278045ms] [WARNING] [intlify] Not found 'crud.delBtn' key in 'zh' locale messages. @ http://localhost:2889/node_modules/.vite/deps/vue-i18n.js?v=88d4cd7b:123
[19278046ms] [WARNING] [intlify] Not found 'crud.viewBtn' key in 'zh' locale messages. @ http://localhost:2889/node_modules/.vite/deps/vue-i18n.js?v=88d4cd7b:123
[19278047ms] [WARNING] [intlify] Not found 'crud.editBtn' key in 'zh' locale messages. @ http://localhost:2889/node_modules/.vite/deps/vue-i18n.js?v=88d4cd7b:123
[19278047ms] [WARNING] [intlify] Not found 'crud.delBtn' key in 'zh' locale messages. @ http://localhost:2889/node_modules/.vite/deps/vue-i18n.js?v=88d4cd7b:123
[19278048ms] [WARNING] [intlify] Not found 'crud.viewBtn' key in 'zh' locale messages. @ http://localhost:2889/node_modules/.vite/deps/vue-i18n.js?v=88d4cd7b:123
[19278048ms] [WARNING] [intlify] Not found 'crud.editBtn' key in 'zh' locale messages. @ http://localhost:2889/node_modules/.vite/deps/vue-i18n.js?v=88d4cd7b:123
[19278048ms] [WARNING] [intlify] Not found 'crud.delBtn' key in 'zh' locale messages. @ http://localhost:2889/node_modules/.vite/deps/vue-i18n.js?v=88d4cd7b:123
[19278049ms] [WARNING] [intlify] Not found 'crud.viewBtn' key in 'zh' locale messages. @ http://localhost:2889/node_modules/.vite/deps/vue-i18n.js?v=88d4cd7b:123
[19278050ms] [WARNING] [intlify] Not found 'crud.editBtn' key in 'zh' locale messages. @ http://localhost:2889/node_modules/.vite/deps/vue-i18n.js?v=88d4cd7b:123
[19278050ms] [WARNING] [intlify] Not found 'crud.delBtn' key in 'zh' locale messages. @ http://localhost:2889/node_modules/.vite/deps/vue-i18n.js?v=88d4cd7b:123
[19278051ms] [WARNING] [intlify] Not found 'crud.viewBtn' key in 'zh' locale messages. @ http://localhost:2889/node_modules/.vite/deps/vue-i18n.js?v=88d4cd7b:123
[19278052ms] [WARNING] [intlify] Not found 'crud.editBtn' key in 'zh' locale messages. @ http://localhost:2889/node_modules/.vite/deps/vue-i18n.js?v=88d4cd7b:123
[19278052ms] [WARNING] [intlify] Not found 'crud.delBtn' key in 'zh' locale messages. @ http://localhost:2889/node_modules/.vite/deps/vue-i18n.js?v=88d4cd7b:123
[19278054ms] [WARNING] [intlify] Not found 'crud.viewBtn' key in 'zh' locale messages. @ http://localhost:2889/node_modules/.vite/deps/vue-i18n.js?v=88d4cd7b:123
[19278054ms] [WARNING] [intlify] Not found 'crud.viewBtn' key in 'zh' locale messages. @ http://localhost:2889/node_modules/.vite/deps/vue-i18n.js?v=88d4cd7b:123
[19278054ms] [WARNING] [intlify] Not found 'crud.editBtn' key in 'zh' locale messages. @ http://localhost:2889/node_modules/.vite/deps/vue-i18n.js?v=88d4cd7b:123
[19278055ms] [WARNING] [intlify] Not found 'crud.editBtn' key in 'zh' locale messages. @ http://localhost:2889/node_modules/.vite/deps/vue-i18n.js?v=88d4cd7b:123
[19278055ms] [WARNING] [intlify] Not found 'crud.delBtn' key in 'zh' locale messages. @ http://localhost:2889/node_modules/.vite/deps/vue-i18n.js?v=88d4cd7b:123
[19278055ms] [WARNING] [intlify] Not found 'crud.delBtn' key in 'zh' locale messages. @ http://localhost:2889/node_modules/.vite/deps/vue-i18n.js?v=88d4cd7b:123
[19278058ms] [WARNING] [intlify] Not found 'crud.viewBtn' key in 'zh' locale messages. @ http://localhost:2889/node_modules/.vite/deps/vue-i18n.js?v=88d4cd7b:123
[19278058ms] [WARNING] [intlify] Not found 'crud.viewBtn' key in 'zh' locale messages. @ http://localhost:2889/node_modules/.vite/deps/vue-i18n.js?v=88d4cd7b:123
[19278059ms] [WARNING] [intlify] Not found 'crud.editBtn' key in 'zh' locale messages. @ http://localhost:2889/node_modules/.vite/deps/vue-i18n.js?v=88d4cd7b:123
[19278059ms] [WARNING] [intlify] Not found 'crud.editBtn' key in 'zh' locale messages. @ http://localhost:2889/node_modules/.vite/deps/vue-i18n.js?v=88d4cd7b:123
[19278060ms] [WARNING] [intlify] Not found 'crud.delBtn' key in 'zh' locale messages. @ http://localhost:2889/node_modules/.vite/deps/vue-i18n.js?v=88d4cd7b:123
[19278060ms] [WARNING] [intlify] Not found 'crud.delBtn' key in 'zh' locale messages. @ http://localhost:2889/node_modules/.vite/deps/vue-i18n.js?v=88d4cd7b:123
[19278062ms] [WARNING] [intlify] Not found 'crud.viewBtn' key in 'zh' locale messages. @ http://localhost:2889/node_modules/.vite/deps/vue-i18n.js?v=88d4cd7b:123
[19278062ms] [WARNING] [intlify] Not found 'crud.viewBtn' key in 'zh' locale messages. @ http://localhost:2889/node_modules/.vite/deps/vue-i18n.js?v=88d4cd7b:123
[19278062ms] [WARNING] [intlify] Not found 'crud.editBtn' key in 'zh' locale messages. @ http://localhost:2889/node_modules/.vite/deps/vue-i18n.js?v=88d4cd7b:123
[19278063ms] [WARNING] [intlify] Not found 'crud.editBtn' key in 'zh' locale messages. @ http://localhost:2889/node_modules/.vite/deps/vue-i18n.js?v=88d4cd7b:123
[19278064ms] [WARNING] [intlify] Not found 'crud.delBtn' key in 'zh' locale messages. @ http://localhost:2889/node_modules/.vite/deps/vue-i18n.js?v=88d4cd7b:123
[19278064ms] [WARNING] [intlify] Not found 'crud.delBtn' key in 'zh' locale messages. @ http://localhost:2889/node_modules/.vite/deps/vue-i18n.js?v=88d4cd7b:123
[19278065ms] [WARNING] [intlify] Not found 'crud.viewBtn' key in 'zh' locale messages. @ http://localhost:2889/node_modules/.vite/deps/vue-i18n.js?v=88d4cd7b:123
[19278066ms] [WARNING] [intlify] Not found 'crud.viewBtn' key in 'zh' locale messages. @ http://localhost:2889/node_modules/.vite/deps/vue-i18n.js?v=88d4cd7b:123
[19278066ms] [WARNING] [intlify] Not found 'crud.editBtn' key in 'zh' locale messages. @ http://localhost:2889/node_modules/.vite/deps/vue-i18n.js?v=88d4cd7b:123
[19278066ms] [WARNING] [intlify] Not found 'crud.editBtn' key in 'zh' locale messages. @ http://localhost:2889/node_modules/.vite/deps/vue-i18n.js?v=88d4cd7b:123
[19278067ms] [WARNING] [intlify] Not found 'crud.delBtn' key in 'zh' locale messages. @ http://localhost:2889/node_modules/.vite/deps/vue-i18n.js?v=88d4cd7b:123
[19278067ms] [WARNING] [intlify] Not found 'crud.delBtn' key in 'zh' locale messages. @ http://localhost:2889/node_modules/.vite/deps/vue-i18n.js?v=88d4cd7b:123
[19278069ms] [WARNING] [intlify] Not found 'crud.viewBtn' key in 'zh' locale messages. @ http://localhost:2889/node_modules/.vite/deps/vue-i18n.js?v=88d4cd7b:123
[19278069ms] [WARNING] [intlify] Not found 'crud.viewBtn' key in 'zh' locale messages. @ http://localhost:2889/node_modules/.vite/deps/vue-i18n.js?v=88d4cd7b:123
[19278070ms] [WARNING] [intlify] Not found 'crud.editBtn' key in 'zh' locale messages. @ http://localhost:2889/node_modules/.vite/deps/vue-i18n.js?v=88d4cd7b:123
[19278070ms] [WARNING] [intlify] Not found 'crud.editBtn' key in 'zh' locale messages. @ http://localhost:2889/node_modules/.vite/deps/vue-i18n.js?v=88d4cd7b:123
[19278070ms] [WARNING] [intlify] Not found 'crud.delBtn' key in 'zh' locale messages. @ http://localhost:2889/node_modules/.vite/deps/vue-i18n.js?v=88d4cd7b:123
[19278070ms] [WARNING] [intlify] Not found 'crud.delBtn' key in 'zh' locale messages. @ http://localhost:2889/node_modules/.vite/deps/vue-i18n.js?v=88d4cd7b:123
[19278071ms] [WARNING] [intlify] Not found 'crud.viewBtn' key in 'zh' locale messages. @ http://localhost:2889/node_modules/.vite/deps/vue-i18n.js?v=88d4cd7b:123
[19278072ms] [WARNING] [intlify] Not found 'crud.viewBtn' key in 'zh' locale messages. @ http://localhost:2889/node_modules/.vite/deps/vue-i18n.js?v=88d4cd7b:123
[19278072ms] [WARNING] [intlify] Not found 'crud.editBtn' key in 'zh' locale messages. @ http://localhost:2889/node_modules/.vite/deps/vue-i18n.js?v=88d4cd7b:123
[19278072ms] [WARNING] [intlify] Not found 'crud.editBtn' key in 'zh' locale messages. @ http://localhost:2889/node_modules/.vite/deps/vue-i18n.js?v=88d4cd7b:123
[19278073ms] [WARNING] [intlify] Not found 'crud.delBtn' key in 'zh' locale messages. @ http://localhost:2889/node_modules/.vite/deps/vue-i18n.js?v=88d4cd7b:123
[19278073ms] [WARNING] [intlify] Not found 'crud.delBtn' key in 'zh' locale messages. @ http://localhost:2889/node_modules/.vite/deps/vue-i18n.js?v=88d4cd7b:123
[19278076ms] [WARNING] [intlify] Not found 'crud.viewBtn' key in 'zh' locale messages. @ http://localhost:2889/node_modules/.vite/deps/vue-i18n.js?v=88d4cd7b:123
[19278077ms] [WARNING] [intlify] Not found 'crud.viewBtn' key in 'zh' locale messages. @ http://localhost:2889/node_modules/.vite/deps/vue-i18n.js?v=88d4cd7b:123
[19278077ms] [WARNING] [intlify] Not found 'crud.editBtn' key in 'zh' locale messages. @ http://localhost:2889/node_modules/.vite/deps/vue-i18n.js?v=88d4cd7b:123
[19278077ms] [WARNING] [intlify] Not found 'crud.editBtn' key in 'zh' locale messages. @ http://localhost:2889/node_modules/.vite/deps/vue-i18n.js?v=88d4cd7b:123
[19278077ms] [WARNING] [intlify] Not found 'crud.delBtn' key in 'zh' locale messages. @ http://localhost:2889/node_modules/.vite/deps/vue-i18n.js?v=88d4cd7b:123
[19278077ms] [WARNING] [intlify] Not found 'crud.delBtn' key in 'zh' locale messages. @ http://localhost:2889/node_modules/.vite/deps/vue-i18n.js?v=88d4cd7b:123
[19278079ms] [WARNING] [intlify] Not found 'crud.viewBtn' key in 'zh' locale messages. @ http://localhost:2889/node_modules/.vite/deps/vue-i18n.js?v=88d4cd7b:123
[19278079ms] [WARNING] [intlify] Not found 'crud.viewBtn' key in 'zh' locale messages. @ http://localhost:2889/node_modules/.vite/deps/vue-i18n.js?v=88d4cd7b:123
[19278079ms] [WARNING] [intlify] Not found 'crud.editBtn' key in 'zh' locale messages. @ http://localhost:2889/node_modules/.vite/deps/vue-i18n.js?v=88d4cd7b:123
[19278080ms] [WARNING] [intlify] Not found 'crud.editBtn' key in 'zh' locale messages. @ http://localhost:2889/node_modules/.vite/deps/vue-i18n.js?v=88d4cd7b:123
[19278080ms] [WARNING] [intlify] Not found 'crud.delBtn' key in 'zh' locale messages. @ http://localhost:2889/node_modules/.vite/deps/vue-i18n.js?v=88d4cd7b:123
[19278080ms] [WARNING] [intlify] Not found 'crud.delBtn' key in 'zh' locale messages. @ http://localhost:2889/node_modules/.vite/deps/vue-i18n.js?v=88d4cd7b:123
[19278082ms] [WARNING] [intlify] Not found 'crud.viewBtn' key in 'zh' locale messages. @ http://localhost:2889/node_modules/.vite/deps/vue-i18n.js?v=88d4cd7b:123
[19278082ms] [WARNING] [intlify] Not found 'crud.viewBtn' key in 'zh' locale messages. @ http://localhost:2889/node_modules/.vite/deps/vue-i18n.js?v=88d4cd7b:123
[19278082ms] [WARNING] [intlify] Not found 'crud.editBtn' key in 'zh' locale messages. @ http://localhost:2889/node_modules/.vite/deps/vue-i18n.js?v=88d4cd7b:123
[19278083ms] [WARNING] [intlify] Not found 'crud.editBtn' key in 'zh' locale messages. @ http://localhost:2889/node_modules/.vite/deps/vue-i18n.js?v=88d4cd7b:123
[19278083ms] [WARNING] [intlify] Not found 'crud.delBtn' key in 'zh' locale messages. @ http://localhost:2889/node_modules/.vite/deps/vue-i18n.js?v=88d4cd7b:123
[19278083ms] [WARNING] [intlify] Not found 'crud.delBtn' key in 'zh' locale messages. @ http://localhost:2889/node_modules/.vite/deps/vue-i18n.js?v=88d4cd7b:123
[19278085ms] [WARNING] [intlify] Not found 'crud.viewBtn' key in 'zh' locale messages. @ http://localhost:2889/node_modules/.vite/deps/vue-i18n.js?v=88d4cd7b:123
[19278085ms] [WARNING] [intlify] Not found 'crud.viewBtn' key in 'zh' locale messages. @ http://localhost:2889/node_modules/.vite/deps/vue-i18n.js?v=88d4cd7b:123
[19278086ms] [WARNING] [intlify] Not found 'crud.editBtn' key in 'zh' locale messages. @ http://localhost:2889/node_modules/.vite/deps/vue-i18n.js?v=88d4cd7b:123
[19278086ms] [WARNING] [intlify] Not found 'crud.editBtn' key in 'zh' locale messages. @ http://localhost:2889/node_modules/.vite/deps/vue-i18n.js?v=88d4cd7b:123
[19278086ms] [WARNING] [intlify] Not found 'crud.delBtn' key in 'zh' locale messages. @ http://localhost:2889/node_modules/.vite/deps/vue-i18n.js?v=88d4cd7b:123
[19278087ms] [WARNING] [intlify] Not found 'crud.delBtn' key in 'zh' locale messages. @ http://localhost:2889/node_modules/.vite/deps/vue-i18n.js?v=88d4cd7b:123
[19278088ms] [WARNING] [intlify] Not found 'crud.viewBtn' key in 'zh' locale messages. @ http://localhost:2889/node_modules/.vite/deps/vue-i18n.js?v=88d4cd7b:123
[19278088ms] [WARNING] [intlify] Not found 'crud.viewBtn' key in 'zh' locale messages. @ http://localhost:2889/node_modules/.vite/deps/vue-i18n.js?v=88d4cd7b:123
[19278089ms] [WARNING] [intlify] Not found 'crud.editBtn' key in 'zh' locale messages. @ http://localhost:2889/node_modules/.vite/deps/vue-i18n.js?v=88d4cd7b:123
[19278089ms] [WARNING] [intlify] Not found 'crud.editBtn' key in 'zh' locale messages. @ http://localhost:2889/node_modules/.vite/deps/vue-i18n.js?v=88d4cd7b:123
[19278090ms] [WARNING] [intlify] Not found 'crud.delBtn' key in 'zh' locale messages. @ http://localhost:2889/node_modules/.vite/deps/vue-i18n.js?v=88d4cd7b:123
[19278091ms] [WARNING] [intlify] Not found 'crud.delBtn' key in 'zh' locale messages. @ http://localhost:2889/node_modules/.vite/deps/vue-i18n.js?v=88d4cd7b:123
[19278094ms] [WARNING] [intlify] Not found 'crud.viewBtn' key in 'zh' locale messages. @ http://localhost:2889/node_modules/.vite/deps/vue-i18n.js?v=88d4cd7b:123
[19278094ms] [WARNING] [intlify] Not found 'crud.viewBtn' key in 'zh' locale messages. @ http://localhost:2889/node_modules/.vite/deps/vue-i18n.js?v=88d4cd7b:123
[19278095ms] [WARNING] [intlify] Not found 'crud.editBtn' key in 'zh' locale messages. @ http://localhost:2889/node_modules/.vite/deps/vue-i18n.js?v=88d4cd7b:123
[19278095ms] [WARNING] [intlify] Not found 'crud.editBtn' key in 'zh' locale messages. @ http://localhost:2889/node_modules/.vite/deps/vue-i18n.js?v=88d4cd7b:123
[19278096ms] [WARNING] [intlify] Not found 'crud.delBtn' key in 'zh' locale messages. @ http://localhost:2889/node_modules/.vite/deps/vue-i18n.js?v=88d4cd7b:123
[19278096ms] [WARNING] [intlify] Not found 'crud.delBtn' key in 'zh' locale messages. @ http://localhost:2889/node_modules/.vite/deps/vue-i18n.js?v=88d4cd7b:123
[19278098ms] [WARNING] [intlify] Not found 'crud.viewBtn' key in 'zh' locale messages. @ http://localhost:2889/node_modules/.vite/deps/vue-i18n.js?v=88d4cd7b:123
[19278098ms] [WARNING] [intlify] Not found 'crud.viewBtn' key in 'zh' locale messages. @ http://localhost:2889/node_modules/.vite/deps/vue-i18n.js?v=88d4cd7b:123
[19278099ms] [WARNING] [intlify] Not found 'crud.editBtn' key in 'zh' locale messages. @ http://localhost:2889/node_modules/.vite/deps/vue-i18n.js?v=88d4cd7b:123
[19278099ms] [WARNING] [intlify] Not found 'crud.editBtn' key in 'zh' locale messages. @ http://localhost:2889/node_modules/.vite/deps/vue-i18n.js?v=88d4cd7b:123
[19278099ms] [WARNING] [intlify] Not found 'crud.delBtn' key in 'zh' locale messages. @ http://localhost:2889/node_modules/.vite/deps/vue-i18n.js?v=88d4cd7b:123
[19278100ms] [WARNING] [intlify] Not found 'crud.delBtn' key in 'zh' locale messages. @ http://localhost:2889/node_modules/.vite/deps/vue-i18n.js?v=88d4cd7b:123
[19278102ms] [WARNING] [intlify] Not found 'crud.viewBtn' key in 'zh' locale messages. @ http://localhost:2889/node_modules/.vite/deps/vue-i18n.js?v=88d4cd7b:123
[19278102ms] [WARNING] [intlify] Not found 'crud.viewBtn' key in 'zh' locale messages. @ http://localhost:2889/node_modules/.vite/deps/vue-i18n.js?v=88d4cd7b:123
[19278103ms] [WARNING] [intlify] Not found 'crud.editBtn' key in 'zh' locale messages. @ http://localhost:2889/node_modules/.vite/deps/vue-i18n.js?v=88d4cd7b:123
[19278103ms] [WARNING] [intlify] Not found 'crud.editBtn' key in 'zh' locale messages. @ http://localhost:2889/node_modules/.vite/deps/vue-i18n.js?v=88d4cd7b:123
[19278104ms] [WARNING] [intlify] Not found 'crud.delBtn' key in 'zh' locale messages. @ http://localhost:2889/node_modules/.vite/deps/vue-i18n.js?v=88d4cd7b:123
[19278104ms] [WARNING] [intlify] Not found 'crud.delBtn' key in 'zh' locale messages. @ http://localhost:2889/node_modules/.vite/deps/vue-i18n.js?v=88d4cd7b:123
[19278106ms] [WARNING] [intlify] Not found 'crud.viewBtn' key in 'zh' locale messages. @ http://localhost:2889/node_modules/.vite/deps/vue-i18n.js?v=88d4cd7b:123
[19278107ms] [WARNING] [intlify] Not found 'crud.viewBtn' key in 'zh' locale messages. @ http://localhost:2889/node_modules/.vite/deps/vue-i18n.js?v=88d4cd7b:123
[19278107ms] [WARNING] [intlify] Not found 'crud.editBtn' key in 'zh' locale messages. @ http://localhost:2889/node_modules/.vite/deps/vue-i18n.js?v=88d4cd7b:123
[19278107ms] [WARNING] [intlify] Not found 'crud.editBtn' key in 'zh' locale messages. @ http://localhost:2889/node_modules/.vite/deps/vue-i18n.js?v=88d4cd7b:123
[19278108ms] [WARNING] [intlify] Not found 'crud.delBtn' key in 'zh' locale messages. @ http://localhost:2889/node_modules/.vite/deps/vue-i18n.js?v=88d4cd7b:123
[19278108ms] [WARNING] [intlify] Not found 'crud.delBtn' key in 'zh' locale messages. @ http://localhost:2889/node_modules/.vite/deps/vue-i18n.js?v=88d4cd7b:123
[19278111ms] [WARNING] [intlify] Not found 'crud.viewBtn' key in 'zh' locale messages. @ http://localhost:2889/node_modules/.vite/deps/vue-i18n.js?v=88d4cd7b:123
[19278111ms] [WARNING] [intlify] Not found 'crud.viewBtn' key in 'zh' locale messages. @ http://localhost:2889/node_modules/.vite/deps/vue-i18n.js?v=88d4cd7b:123
[19278112ms] [WARNING] [intlify] Not found 'crud.editBtn' key in 'zh' locale messages. @ http://localhost:2889/node_modules/.vite/deps/vue-i18n.js?v=88d4cd7b:123
[19278112ms] [WARNING] [intlify] Not found 'crud.editBtn' key in 'zh' locale messages. @ http://localhost:2889/node_modules/.vite/deps/vue-i18n.js?v=88d4cd7b:123
[19278114ms] [WARNING] [intlify] Not found 'crud.delBtn' key in 'zh' locale messages. @ http://localhost:2889/node_modules/.vite/deps/vue-i18n.js?v=88d4cd7b:123
[19278115ms] [WARNING] [intlify] Not found 'crud.delBtn' key in 'zh' locale messages. @ http://localhost:2889/node_modules/.vite/deps/vue-i18n.js?v=88d4cd7b:123
[19278116ms] [WARNING] [intlify] Not found 'crud.viewBtn' key in 'zh' locale messages. @ http://localhost:2889/node_modules/.vite/deps/vue-i18n.js?v=88d4cd7b:123
[19278117ms] [WARNING] [intlify] Not found 'crud.viewBtn' key in 'zh' locale messages. @ http://localhost:2889/node_modules/.vite/deps/vue-i18n.js?v=88d4cd7b:123
[19278117ms] [WARNING] [intlify] Not found 'crud.editBtn' key in 'zh' locale messages. @ http://localhost:2889/node_modules/.vite/deps/vue-i18n.js?v=88d4cd7b:123
[19278117ms] [WARNING] [intlify] Not found 'crud.editBtn' key in 'zh' locale messages. @ http://localhost:2889/node_modules/.vite/deps/vue-i18n.js?v=88d4cd7b:123
[19278118ms] [WARNING] [intlify] Not found 'crud.delBtn' key in 'zh' locale messages. @ http://localhost:2889/node_modules/.vite/deps/vue-i18n.js?v=88d4cd7b:123
[19278118ms] [WARNING] [intlify] Not found 'crud.delBtn' key in 'zh' locale messages. @ http://localhost:2889/node_modules/.vite/deps/vue-i18n.js?v=88d4cd7b:123
[19278121ms] [WARNING] [intlify] Not found 'crud.viewBtn' key in 'zh' locale messages. @ http://localhost:2889/node_modules/.vite/deps/vue-i18n.js?v=88d4cd7b:123
[19278121ms] [WARNING] [intlify] Not found 'crud.viewBtn' key in 'zh' locale messages. @ http://localhost:2889/node_modules/.vite/deps/vue-i18n.js?v=88d4cd7b:123
[19278122ms] [WARNING] [intlify] Not found 'crud.editBtn' key in 'zh' locale messages. @ http://localhost:2889/node_modules/.vite/deps/vue-i18n.js?v=88d4cd7b:123
[19278122ms] [WARNING] [intlify] Not found 'crud.editBtn' key in 'zh' locale messages. @ http://localhost:2889/node_modules/.vite/deps/vue-i18n.js?v=88d4cd7b:123
[19278123ms] [WARNING] [intlify] Not found 'crud.delBtn' key in 'zh' locale messages. @ http://localhost:2889/node_modules/.vite/deps/vue-i18n.js?v=88d4cd7b:123
[19278123ms] [WARNING] [intlify] Not found 'crud.delBtn' key in 'zh' locale messages. @ http://localhost:2889/node_modules/.vite/deps/vue-i18n.js?v=88d4cd7b:123
[19278125ms] [WARNING] [intlify] Not found 'crud.viewBtn' key in 'zh' locale messages. @ http://localhost:2889/node_modules/.vite/deps/vue-i18n.js?v=88d4cd7b:123
[19278125ms] [WARNING] [intlify] Not found 'crud.viewBtn' key in 'zh' locale messages. @ http://localhost:2889/node_modules/.vite/deps/vue-i18n.js?v=88d4cd7b:123
[19278126ms] [WARNING] [intlify] Not found 'crud.editBtn' key in 'zh' locale messages. @ http://localhost:2889/node_modules/.vite/deps/vue-i18n.js?v=88d4cd7b:123
[19278126ms] [WARNING] [intlify] Not found 'crud.editBtn' key in 'zh' locale messages. @ http://localhost:2889/node_modules/.vite/deps/vue-i18n.js?v=88d4cd7b:123
[19278127ms] [WARNING] [intlify] Not found 'crud.delBtn' key in 'zh' locale messages. @ http://localhost:2889/node_modules/.vite/deps/vue-i18n.js?v=88d4cd7b:123
[19278127ms] [WARNING] [intlify] Not found 'crud.delBtn' key in 'zh' locale messages. @ http://localhost:2889/node_modules/.vite/deps/vue-i18n.js?v=88d4cd7b:123
[19278129ms] [WARNING] [intlify] Not found 'crud.viewBtn' key in 'zh' locale messages. @ http://localhost:2889/node_modules/.vite/deps/vue-i18n.js?v=88d4cd7b:123
[19278129ms] [WARNING] [intlify] Not found 'crud.viewBtn' key in 'zh' locale messages. @ http://localhost:2889/node_modules/.vite/deps/vue-i18n.js?v=88d4cd7b:123
[19278129ms] [WARNING] [intlify] Not found 'crud.editBtn' key in 'zh' locale messages. @ http://localhost:2889/node_modules/.vite/deps/vue-i18n.js?v=88d4cd7b:123
[19278130ms] [WARNING] [intlify] Not found 'crud.editBtn' key in 'zh' locale messages. @ http://localhost:2889/node_modules/.vite/deps/vue-i18n.js?v=88d4cd7b:123
[19278130ms] [WARNING] [intlify] Not found 'crud.delBtn' key in 'zh' locale messages. @ http://localhost:2889/node_modules/.vite/deps/vue-i18n.js?v=88d4cd7b:123
[19278130ms] [WARNING] [intlify] Not found 'crud.delBtn' key in 'zh' locale messages. @ http://localhost:2889/node_modules/.vite/deps/vue-i18n.js?v=88d4cd7b:123
[19278132ms] [WARNING] [intlify] Not found 'crud.viewBtn' key in 'zh' locale messages. @ http://localhost:2889/node_modules/.vite/deps/vue-i18n.js?v=88d4cd7b:123
[19278132ms] [WARNING] [intlify] Not found 'crud.viewBtn' key in 'zh' locale messages. @ http://localhost:2889/node_modules/.vite/deps/vue-i18n.js?v=88d4cd7b:123
[19278133ms] [WARNING] [intlify] Not found 'crud.editBtn' key in 'zh' locale messages. @ http://localhost:2889/node_modules/.vite/deps/vue-i18n.js?v=88d4cd7b:123
[19278133ms] [WARNING] [intlify] Not found 'crud.editBtn' key in 'zh' locale messages. @ http://localhost:2889/node_modules/.vite/deps/vue-i18n.js?v=88d4cd7b:123
[19278134ms] [WARNING] [intlify] Not found 'crud.delBtn' key in 'zh' locale messages. @ http://localhost:2889/node_modules/.vite/deps/vue-i18n.js?v=88d4cd7b:123
[19278134ms] [WARNING] [intlify] Not found 'crud.delBtn' key in 'zh' locale messages. @ http://localhost:2889/node_modules/.vite/deps/vue-i18n.js?v=88d4cd7b:123
[19278136ms] [WARNING] [intlify] Not found 'crud.viewBtn' key in 'zh' locale messages. @ http://localhost:2889/node_modules/.vite/deps/vue-i18n.js?v=88d4cd7b:123
[19278136ms] [WARNING] [intlify] Not found 'crud.viewBtn' key in 'zh' locale messages. @ http://localhost:2889/node_modules/.vite/deps/vue-i18n.js?v=88d4cd7b:123
[19278137ms] [WARNING] [intlify] Not found 'crud.editBtn' key in 'zh' locale messages. @ http://localhost:2889/node_modules/.vite/deps/vue-i18n.js?v=88d4cd7b:123
[19278137ms] [WARNING] [intlify] Not found 'crud.editBtn' key in 'zh' locale messages. @ http://localhost:2889/node_modules/.vite/deps/vue-i18n.js?v=88d4cd7b:123
[19278138ms] [WARNING] [intlify] Not found 'crud.delBtn' key in 'zh' locale messages. @ http://localhost:2889/node_modules/.vite/deps/vue-i18n.js?v=88d4cd7b:123
[19278138ms] [WARNING] [intlify] Not found 'crud.delBtn' key in 'zh' locale messages. @ http://localhost:2889/node_modules/.vite/deps/vue-i18n.js?v=88d4cd7b:123
[19278141ms] [WARNING] [intlify] Not found 'crud.viewBtn' key in 'zh' locale messages. @ http://localhost:2889/node_modules/.vite/deps/vue-i18n.js?v=88d4cd7b:123
[19278142ms] [WARNING] [intlify] Not found 'crud.viewBtn' key in 'zh' locale messages. @ http://localhost:2889/node_modules/.vite/deps/vue-i18n.js?v=88d4cd7b:123
[19278142ms] [WARNING] [intlify] Not found 'crud.editBtn' key in 'zh' locale messages. @ http://localhost:2889/node_modules/.vite/deps/vue-i18n.js?v=88d4cd7b:123
[19278142ms] [WARNING] [intlify] Not found 'crud.editBtn' key in 'zh' locale messages. @ http://localhost:2889/node_modules/.vite/deps/vue-i18n.js?v=88d4cd7b:123
[19278143ms] [WARNING] [intlify] Not found 'crud.delBtn' key in 'zh' locale messages. @ http://localhost:2889/node_modules/.vite/deps/vue-i18n.js?v=88d4cd7b:123
[19278143ms] [WARNING] [intlify] Not found 'crud.delBtn' key in 'zh' locale messages. @ http://localhost:2889/node_modules/.vite/deps/vue-i18n.js?v=88d4cd7b:123
[19278145ms] [WARNING] [intlify] Not found 'crud.viewBtn' key in 'zh' locale messages. @ http://localhost:2889/node_modules/.vite/deps/vue-i18n.js?v=88d4cd7b:123
[19278145ms] [WARNING] [intlify] Not found 'crud.viewBtn' key in 'zh' locale messages. @ http://localhost:2889/node_modules/.vite/deps/vue-i18n.js?v=88d4cd7b:123
[19278145ms] [WARNING] [intlify] Not found 'crud.editBtn' key in 'zh' locale messages. @ http://localhost:2889/node_modules/.vite/deps/vue-i18n.js?v=88d4cd7b:123
[19278146ms] [WARNING] [intlify] Not found 'crud.editBtn' key in 'zh' locale messages. @ http://localhost:2889/node_modules/.vite/deps/vue-i18n.js?v=88d4cd7b:123
[19278146ms] [WARNING] [intlify] Not found 'crud.delBtn' key in 'zh' locale messages. @ http://localhost:2889/node_modules/.vite/deps/vue-i18n.js?v=88d4cd7b:123
[19278146ms] [WARNING] [intlify] Not found 'crud.delBtn' key in 'zh' locale messages. @ http://localhost:2889/node_modules/.vite/deps/vue-i18n.js?v=88d4cd7b:123
[19278148ms] [WARNING] [intlify] Not found 'crud.viewBtn' key in 'zh' locale messages. @ http://localhost:2889/node_modules/.vite/deps/vue-i18n.js?v=88d4cd7b:123
[19278148ms] [WARNING] [intlify] Not found 'crud.viewBtn' key in 'zh' locale messages. @ http://localhost:2889/node_modules/.vite/deps/vue-i18n.js?v=88d4cd7b:123
[19278148ms] [WARNING] [intlify] Not found 'crud.editBtn' key in 'zh' locale messages. @ http://localhost:2889/node_modules/.vite/deps/vue-i18n.js?v=88d4cd7b:123
[19278149ms] [WARNING] [intlify] Not found 'crud.editBtn' key in 'zh' locale messages. @ http://localhost:2889/node_modules/.vite/deps/vue-i18n.js?v=88d4cd7b:123
[19278149ms] [WARNING] [intlify] Not found 'crud.delBtn' key in 'zh' locale messages. @ http://localhost:2889/node_modules/.vite/deps/vue-i18n.js?v=88d4cd7b:123
[19278150ms] [WARNING] [intlify] Not found 'crud.delBtn' key in 'zh' locale messages. @ http://localhost:2889/node_modules/.vite/deps/vue-i18n.js?v=88d4cd7b:123
[19278152ms] [WARNING] [intlify] Not found 'crud.viewBtn' key in 'zh' locale messages. @ http://localhost:2889/node_modules/.vite/deps/vue-i18n.js?v=88d4cd7b:123
[19278152ms] [WARNING] [intlify] Not found 'crud.viewBtn' key in 'zh' locale messages. @ http://localhost:2889/node_modules/.vite/deps/vue-i18n.js?v=88d4cd7b:123
[19278153ms] [WARNING] [intlify] Not found 'crud.editBtn' key in 'zh' locale messages. @ http://localhost:2889/node_modules/.vite/deps/vue-i18n.js?v=88d4cd7b:123
[19278153ms] [WARNING] [intlify] Not found 'crud.editBtn' key in 'zh' locale messages. @ http://localhost:2889/node_modules/.vite/deps/vue-i18n.js?v=88d4cd7b:123
[19278153ms] [WARNING] [intlify] Not found 'crud.delBtn' key in 'zh' locale messages. @ http://localhost:2889/node_modules/.vite/deps/vue-i18n.js?v=88d4cd7b:123
[19278153ms] [WARNING] [intlify] Not found 'crud.delBtn' key in 'zh' locale messages. @ http://localhost:2889/node_modules/.vite/deps/vue-i18n.js?v=88d4cd7b:123
[19278155ms] [WARNING] [intlify] Not found 'crud.viewBtn' key in 'zh' locale messages. @ http://localhost:2889/node_modules/.vite/deps/vue-i18n.js?v=88d4cd7b:123
[19278155ms] [WARNING] [intlify] Not found 'crud.viewBtn' key in 'zh' locale messages. @ http://localhost:2889/node_modules/.vite/deps/vue-i18n.js?v=88d4cd7b:123
[19278155ms] [WARNING] [intlify] Not found 'crud.editBtn' key in 'zh' locale messages. @ http://localhost:2889/node_modules/.vite/deps/vue-i18n.js?v=88d4cd7b:123
[19278156ms] [WARNING] [intlify] Not found 'crud.editBtn' key in 'zh' locale messages. @ http://localhost:2889/node_modules/.vite/deps/vue-i18n.js?v=88d4cd7b:123
[19278156ms] [WARNING] [intlify] Not found 'crud.delBtn' key in 'zh' locale messages. @ http://localhost:2889/node_modules/.vite/deps/vue-i18n.js?v=88d4cd7b:123
[19278156ms] [WARNING] [intlify] Not found 'crud.delBtn' key in 'zh' locale messages. @ http://localhost:2889/node_modules/.vite/deps/vue-i18n.js?v=88d4cd7b:123
[19278160ms] [WARNING] [intlify] Not found 'crud.viewBtn' key in 'zh' locale messages. @ http://localhost:2889/node_modules/.vite/deps/vue-i18n.js?v=88d4cd7b:123
[19278160ms] [WARNING] [intlify] Not found 'crud.viewBtn' key in 'zh' locale messages. @ http://localhost:2889/node_modules/.vite/deps/vue-i18n.js?v=88d4cd7b:123
[19278160ms] [WARNING] [intlify] Not found 'crud.editBtn' key in 'zh' locale messages. @ http://localhost:2889/node_modules/.vite/deps/vue-i18n.js?v=88d4cd7b:123
[19278161ms] [WARNING] [intlify] Not found 'crud.editBtn' key in 'zh' locale messages. @ http://localhost:2889/node_modules/.vite/deps/vue-i18n.js?v=88d4cd7b:123
[19278161ms] [WARNING] [intlify] Not found 'crud.delBtn' key in 'zh' locale messages. @ http://localhost:2889/node_modules/.vite/deps/vue-i18n.js?v=88d4cd7b:123
[19278161ms] [WARNING] [intlify] Not found 'crud.delBtn' key in 'zh' locale messages. @ http://localhost:2889/node_modules/.vite/deps/vue-i18n.js?v=88d4cd7b:123
[19278163ms] [WARNING] [intlify] Not found 'crud.viewBtn' key in 'zh' locale messages. @ http://localhost:2889/node_modules/.vite/deps/vue-i18n.js?v=88d4cd7b:123
[19278164ms] [WARNING] [intlify] Not found 'crud.viewBtn' key in 'zh' locale messages. @ http://localhost:2889/node_modules/.vite/deps/vue-i18n.js?v=88d4cd7b:123
[19278164ms] [WARNING] [intlify] Not found 'crud.editBtn' key in 'zh' locale messages. @ http://localhost:2889/node_modules/.vite/deps/vue-i18n.js?v=88d4cd7b:123
[19278164ms] [WARNING] [intlify] Not found 'crud.editBtn' key in 'zh' locale messages. @ http://localhost:2889/node_modules/.vite/deps/vue-i18n.js?v=88d4cd7b:123
[19278165ms] [WARNING] [intlify] Not found 'crud.delBtn' key in 'zh' locale messages. @ http://localhost:2889/node_modules/.vite/deps/vue-i18n.js?v=88d4cd7b:123
[19278165ms] [WARNING] [intlify] Not found 'crud.delBtn' key in 'zh' locale messages. @ http://localhost:2889/node_modules/.vite/deps/vue-i18n.js?v=88d4cd7b:123
[19278167ms] [WARNING] [intlify] Not found 'crud.viewBtn' key in 'zh' locale messages. @ http://localhost:2889/node_modules/.vite/deps/vue-i18n.js?v=88d4cd7b:123
[19278167ms] [WARNING] [intlify] Not found 'crud.viewBtn' key in 'zh' locale messages. @ http://localhost:2889/node_modules/.vite/deps/vue-i18n.js?v=88d4cd7b:123
[19278168ms] [WARNING] [intlify] Not found 'crud.editBtn' key in 'zh' locale messages. @ http://localhost:2889/node_modules/.vite/deps/vue-i18n.js?v=88d4cd7b:123
[19278168ms] [WARNING] [intlify] Not found 'crud.editBtn' key in 'zh' locale messages. @ http://localhost:2889/node_modules/.vite/deps/vue-i18n.js?v=88d4cd7b:123
[19278168ms] [WARNING] [intlify] Not found 'crud.delBtn' key in 'zh' locale messages. @ http://localhost:2889/node_modules/.vite/deps/vue-i18n.js?v=88d4cd7b:123
[19278169ms] [WARNING] [intlify] Not found 'crud.delBtn' key in 'zh' locale messages. @ http://localhost:2889/node_modules/.vite/deps/vue-i18n.js?v=88d4cd7b:123
[19278170ms] [WARNING] [intlify] Not found 'crud.viewBtn' key in 'zh' locale messages. @ http://localhost:2889/node_modules/.vite/deps/vue-i18n.js?v=88d4cd7b:123
[19278171ms] [WARNING] [intlify] Not found 'crud.viewBtn' key in 'zh' locale messages. @ http://localhost:2889/node_modules/.vite/deps/vue-i18n.js?v=88d4cd7b:123
[19278171ms] [WARNING] [intlify] Not found 'crud.editBtn' key in 'zh' locale messages. @ http://localhost:2889/node_modules/.vite/deps/vue-i18n.js?v=88d4cd7b:123
[19278171ms] [WARNING] [intlify] Not found 'crud.editBtn' key in 'zh' locale messages. @ http://localhost:2889/node_modules/.vite/deps/vue-i18n.js?v=88d4cd7b:123
[19278172ms] [WARNING] [intlify] Not found 'crud.delBtn' key in 'zh' locale messages. @ http://localhost:2889/node_modules/.vite/deps/vue-i18n.js?v=88d4cd7b:123
[19278172ms] [WARNING] [intlify] Not found 'crud.delBtn' key in 'zh' locale messages. @ http://localhost:2889/node_modules/.vite/deps/vue-i18n.js?v=88d4cd7b:123
[19278174ms] [WARNING] [intlify] Not found 'crud.viewBtn' key in 'zh' locale messages. @ http://localhost:2889/node_modules/.vite/deps/vue-i18n.js?v=88d4cd7b:123
[19278174ms] [WARNING] [intlify] Not found 'crud.viewBtn' key in 'zh' locale messages. @ http://localhost:2889/node_modules/.vite/deps/vue-i18n.js?v=88d4cd7b:123
[19278175ms] [WARNING] [intlify] Not found 'crud.editBtn' key in 'zh' locale messages. @ http://localhost:2889/node_modules/.vite/deps/vue-i18n.js?v=88d4cd7b:123
[19278175ms] [WARNING] [intlify] Not found 'crud.editBtn' key in 'zh' locale messages. @ http://localhost:2889/node_modules/.vite/deps/vue-i18n.js?v=88d4cd7b:123
[19278176ms] [WARNING] [intlify] Not found 'crud.delBtn' key in 'zh' locale messages. @ http://localhost:2889/node_modules/.vite/deps/vue-i18n.js?v=88d4cd7b:123
[19278176ms] [WARNING] [intlify] Not found 'crud.delBtn' key in 'zh' locale messages. @ http://localhost:2889/node_modules/.vite/deps/vue-i18n.js?v=88d4cd7b:123
[19278178ms] [WARNING] [intlify] Not found 'crud.viewBtn' key in 'zh' locale messages. @ http://localhost:2889/node_modules/.vite/deps/vue-i18n.js?v=88d4cd7b:123
[19278179ms] [WARNING] [intlify] Not found 'crud.viewBtn' key in 'zh' locale messages. @ http://localhost:2889/node_modules/.vite/deps/vue-i18n.js?v=88d4cd7b:123
[19278180ms] [WARNING] [intlify] Not found 'crud.editBtn' key in 'zh' locale messages. @ http://localhost:2889/node_modules/.vite/deps/vue-i18n.js?v=88d4cd7b:123
[19278180ms] [WARNING] [intlify] Not found 'crud.editBtn' key in 'zh' locale messages. @ http://localhost:2889/node_modules/.vite/deps/vue-i18n.js?v=88d4cd7b:123
[19278181ms] [WARNING] [intlify] Not found 'crud.delBtn' key in 'zh' locale messages. @ http://localhost:2889/node_modules/.vite/deps/vue-i18n.js?v=88d4cd7b:123
[19278181ms] [WARNING] [intlify] Not found 'crud.delBtn' key in 'zh' locale messages. @ http://localhost:2889/node_modules/.vite/deps/vue-i18n.js?v=88d4cd7b:123
[19278184ms] [WARNING] [intlify] Not found 'crud.viewBtn' key in 'zh' locale messages. @ http://localhost:2889/node_modules/.vite/deps/vue-i18n.js?v=88d4cd7b:123
[19278184ms] [WARNING] [intlify] Not found 'crud.viewBtn' key in 'zh' locale messages. @ http://localhost:2889/node_modules/.vite/deps/vue-i18n.js?v=88d4cd7b:123
[19278185ms] [WARNING] [intlify] Not found 'crud.editBtn' key in 'zh' locale messages. @ http://localhost:2889/node_modules/.vite/deps/vue-i18n.js?v=88d4cd7b:123
[19278185ms] [WARNING] [intlify] Not found 'crud.editBtn' key in 'zh' locale messages. @ http://localhost:2889/node_modules/.vite/deps/vue-i18n.js?v=88d4cd7b:123
[19278186ms] [WARNING] [intlify] Not found 'crud.delBtn' key in 'zh' locale messages. @ http://localhost:2889/node_modules/.vite/deps/vue-i18n.js?v=88d4cd7b:123
[19278186ms] [WARNING] [intlify] Not found 'crud.delBtn' key in 'zh' locale messages. @ http://localhost:2889/node_modules/.vite/deps/vue-i18n.js?v=88d4cd7b:123
[19278223ms] [WARNING] [intlify] Not found 'crud.searchBtn' key in 'zh' locale messages. @ http://localhost:2889/node_modules/.vite/deps/vue-i18n.js?v=88d4cd7b:123
[19278223ms] [WARNING] [intlify] Not found 'crud.emptyBtn' key in 'zh' locale messages. @ http://localhost:2889/node_modules/.vite/deps/vue-i18n.js?v=88d4cd7b:123
[19278225ms] [WARNING] [intlify] Not found 'tip.input' key in 'zh' locale messages. @ http://localhost:2889/node_modules/.vite/deps/vue-i18n.js?v=88d4cd7b:123
[19278226ms] [WARNING] [intlify] Not found 'tip.input' key in 'zh' locale messages. @ http://localhost:2889/node_modules/.vite/deps/vue-i18n.js?v=88d4cd7b:123
[19278227ms] [WARNING] [intlify] Not found 'tip.input' key in 'zh' locale messages. @ http://localhost:2889/node_modules/.vite/deps/vue-i18n.js?v=88d4cd7b:123
[19278228ms] [WARNING] [intlify] Not found 'tip.input' key in 'zh' locale messages. @ http://localhost:2889/node_modules/.vite/deps/vue-i18n.js?v=88d4cd7b:123
[19278229ms] [WARNING] [intlify] Not found 'tip.input' key in 'zh' locale messages. @ http://localhost:2889/node_modules/.vite/deps/vue-i18n.js?v=88d4cd7b:123
[19278230ms] [WARNING] [intlify] Not found 'tip.input' key in 'zh' locale messages. @ http://localhost:2889/node_modules/.vite/deps/vue-i18n.js?v=88d4cd7b:123
[19278231ms] [WARNING] [intlify] Not found 'form.submitBtn' key in 'zh' locale messages. @ http://localhost:2889/node_modules/.vite/deps/vue-i18n.js?v=88d4cd7b:123
[19278232ms] [WARNING] [intlify] Not found 'form.submitBtn' key in 'zh' locale messages. @ http://localhost:2889/node_modules/.vite/deps/vue-i18n.js?v=88d4cd7b:123
[19278233ms] [WARNING] [intlify] Not found 'form.emptyBtn' key in 'zh' locale messages. @ http://localhost:2889/node_modules/.vite/deps/vue-i18n.js?v=88d4cd7b:123
[19278233ms] [WARNING] [intlify] Not found 'form.emptyBtn' key in 'zh' locale messages. @ http://localhost:2889/node_modules/.vite/deps/vue-i18n.js?v=88d4cd7b:123
[19278234ms] [WARNING] [intlify] Not found 'crud.addBtn' key in 'zh' locale messages. @ http://localhost:2889/node_modules/.vite/deps/vue-i18n.js?v=88d4cd7b:123
[19278234ms] [WARNING] [intlify] Not found 'crud.addBtn' key in 'zh' locale messages. @ http://localhost:2889/node_modules/.vite/deps/vue-i18n.js?v=88d4cd7b:123
[19278236ms] [WARNING] [intlify] Not found 'crud.menu' key in 'zh' locale messages. @ http://localhost:2889/node_modules/.vite/deps/vue-i18n.js?v=88d4cd7b:123
[19278237ms] [WARNING] [intlify] Not found 'crud.menu' key in 'zh' locale messages. @ http://localhost:2889/node_modules/.vite/deps/vue-i18n.js?v=88d4cd7b:123
[19278238ms] [WARNING] [intlify] Not found 'crud.viewBtn' key in 'zh' locale messages. @ http://localhost:2889/node_modules/.vite/deps/vue-i18n.js?v=88d4cd7b:123
[19278238ms] [WARNING] [intlify] Not found 'crud.viewBtn' key in 'zh' locale messages. @ http://localhost:2889/node_modules/.vite/deps/vue-i18n.js?v=88d4cd7b:123
[19278238ms] [WARNING] [intlify] Not found 'crud.editBtn' key in 'zh' locale messages. @ http://localhost:2889/node_modules/.vite/deps/vue-i18n.js?v=88d4cd7b:123
[19278239ms] [WARNING] [intlify] Not found 'crud.editBtn' key in 'zh' locale messages. @ http://localhost:2889/node_modules/.vite/deps/vue-i18n.js?v=88d4cd7b:123
[19278239ms] [WARNING] [intlify] Not found 'crud.delBtn' key in 'zh' locale messages. @ http://localhost:2889/node_modules/.vite/deps/vue-i18n.js?v=88d4cd7b:123
[19278239ms] [WARNING] [intlify] Not found 'crud.delBtn' key in 'zh' locale messages. @ http://localhost:2889/node_modules/.vite/deps/vue-i18n.js?v=88d4cd7b:123
[19278240ms] [WARNING] [intlify] Not found 'crud.viewBtn' key in 'zh' locale messages. @ http://localhost:2889/node_modules/.vite/deps/vue-i18n.js?v=88d4cd7b:123
[19278240ms] [WARNING] [intlify] Not found 'crud.viewBtn' key in 'zh' locale messages. @ http://localhost:2889/node_modules/.vite/deps/vue-i18n.js?v=88d4cd7b:123
[19278241ms] [WARNING] [intlify] Not found 'crud.editBtn' key in 'zh' locale messages. @ http://localhost:2889/node_modules/.vite/deps/vue-i18n.js?v=88d4cd7b:123
[19278241ms] [WARNING] [intlify] Not found 'crud.editBtn' key in 'zh' locale messages. @ http://localhost:2889/node_modules/.vite/deps/vue-i18n.js?v=88d4cd7b:123
[19278241ms] [WARNING] [intlify] Not found 'crud.delBtn' key in 'zh' locale messages. @ http://localhost:2889/node_modules/.vite/deps/vue-i18n.js?v=88d4cd7b:123
[19278241ms] [WARNING] [intlify] Not found 'crud.delBtn' key in 'zh' locale messages. @ http://localhost:2889/node_modules/.vite/deps/vue-i18n.js?v=88d4cd7b:123
[19278242ms] [WARNING] [intlify] Not found 'crud.viewBtn' key in 'zh' locale messages. @ http://localhost:2889/node_modules/.vite/deps/vue-i18n.js?v=88d4cd7b:123
[19278242ms] [WARNING] [intlify] Not found 'crud.viewBtn' key in 'zh' locale messages. @ http://localhost:2889/node_modules/.vite/deps/vue-i18n.js?v=88d4cd7b:123
[19278243ms] [WARNING] [intlify] Not found 'crud.editBtn' key in 'zh' locale messages. @ http://localhost:2889/node_modules/.vite/deps/vue-i18n.js?v=88d4cd7b:123
[19278243ms] [WARNING] [intlify] Not found 'crud.editBtn' key in 'zh' locale messages. @ http://localhost:2889/node_modules/.vite/deps/vue-i18n.js?v=88d4cd7b:123
[19278243ms] [WARNING] [intlify] Not found 'crud.delBtn' key in 'zh' locale messages. @ http://localhost:2889/node_modules/.vite/deps/vue-i18n.js?v=88d4cd7b:123
[19278243ms] [WARNING] [intlify] Not found 'crud.delBtn' key in 'zh' locale messages. @ http://localhost:2889/node_modules/.vite/deps/vue-i18n.js?v=88d4cd7b:123
[19278244ms] [WARNING] [intlify] Not found 'crud.viewBtn' key in 'zh' locale messages. @ http://localhost:2889/node_modules/.vite/deps/vue-i18n.js?v=88d4cd7b:123
[19278244ms] [WARNING] [intlify] Not found 'crud.viewBtn' key in 'zh' locale messages. @ http://localhost:2889/node_modules/.vite/deps/vue-i18n.js?v=88d4cd7b:123
[19278244ms] [WARNING] [intlify] Not found 'crud.editBtn' key in 'zh' locale messages. @ http://localhost:2889/node_modules/.vite/deps/vue-i18n.js?v=88d4cd7b:123
[19278245ms] [WARNING] [intlify] Not found 'crud.editBtn' key in 'zh' locale messages. @ http://localhost:2889/node_modules/.vite/deps/vue-i18n.js?v=88d4cd7b:123
[19278245ms] [WARNING] [intlify] Not found 'crud.delBtn' key in 'zh' locale messages. @ http://localhost:2889/node_modules/.vite/deps/vue-i18n.js?v=88d4cd7b:123
[19278245ms] [WARNING] [intlify] Not found 'crud.delBtn' key in 'zh' locale messages. @ http://localhost:2889/node_modules/.vite/deps/vue-i18n.js?v=88d4cd7b:123
[19278246ms] [WARNING] [intlify] Not found 'crud.viewBtn' key in 'zh' locale messages. @ http://localhost:2889/node_modules/.vite/deps/vue-i18n.js?v=88d4cd7b:123
[19278246ms] [WARNING] [intlify] Not found 'crud.viewBtn' key in 'zh' locale messages. @ http://localhost:2889/node_modules/.vite/deps/vue-i18n.js?v=88d4cd7b:123
[19278246ms] [WARNING] [intlify] Not found 'crud.editBtn' key in 'zh' locale messages. @ http://localhost:2889/node_modules/.vite/deps/vue-i18n.js?v=88d4cd7b:123
[19278247ms] [WARNING] [intlify] Not found 'crud.editBtn' key in 'zh' locale messages. @ http://localhost:2889/node_modules/.vite/deps/vue-i18n.js?v=88d4cd7b:123
[19278247ms] [WARNING] [intlify] Not found 'crud.delBtn' key in 'zh' locale messages. @ http://localhost:2889/node_modules/.vite/deps/vue-i18n.js?v=88d4cd7b:123
[19278247ms] [WARNING] [intlify] Not found 'crud.delBtn' key in 'zh' locale messages. @ http://localhost:2889/node_modules/.vite/deps/vue-i18n.js?v=88d4cd7b:123
[19278248ms] [WARNING] [intlify] Not found 'crud.viewBtn' key in 'zh' locale messages. @ http://localhost:2889/node_modules/.vite/deps/vue-i18n.js?v=88d4cd7b:123
[19278248ms] [WARNING] [intlify] Not found 'crud.viewBtn' key in 'zh' locale messages. @ http://localhost:2889/node_modules/.vite/deps/vue-i18n.js?v=88d4cd7b:123
[19278249ms] [WARNING] [intlify] Not found 'crud.editBtn' key in 'zh' locale messages. @ http://localhost:2889/node_modules/.vite/deps/vue-i18n.js?v=88d4cd7b:123
[19278249ms] [WARNING] [intlify] Not found 'crud.editBtn' key in 'zh' locale messages. @ http://localhost:2889/node_modules/.vite/deps/vue-i18n.js?v=88d4cd7b:123
[19278249ms] [WARNING] [intlify] Not found 'crud.delBtn' key in 'zh' locale messages. @ http://localhost:2889/node_modules/.vite/deps/vue-i18n.js?v=88d4cd7b:123
[19278249ms] [WARNING] [intlify] Not found 'crud.delBtn' key in 'zh' locale messages. @ http://localhost:2889/node_modules/.vite/deps/vue-i18n.js?v=88d4cd7b:123
[19278250ms] [WARNING] [intlify] Not found 'crud.viewBtn' key in 'zh' locale messages. @ http://localhost:2889/node_modules/.vite/deps/vue-i18n.js?v=88d4cd7b:123
[19278250ms] [WARNING] [intlify] Not found 'crud.viewBtn' key in 'zh' locale messages. @ http://localhost:2889/node_modules/.vite/deps/vue-i18n.js?v=88d4cd7b:123
[19278251ms] [WARNING] [intlify] Not found 'crud.editBtn' key in 'zh' locale messages. @ http://localhost:2889/node_modules/.vite/deps/vue-i18n.js?v=88d4cd7b:123
[19278251ms] [WARNING] [intlify] Not found 'crud.editBtn' key in 'zh' locale messages. @ http://localhost:2889/node_modules/.vite/deps/vue-i18n.js?v=88d4cd7b:123
[19278251ms] [WARNING] [intlify] Not found 'crud.delBtn' key in 'zh' locale messages. @ http://localhost:2889/node_modules/.vite/deps/vue-i18n.js?v=88d4cd7b:123
[19278251ms] [WARNING] [intlify] Not found 'crud.delBtn' key in 'zh' locale messages. @ http://localhost:2889/node_modules/.vite/deps/vue-i18n.js?v=88d4cd7b:123
[19278252ms] [WARNING] [intlify] Not found 'crud.viewBtn' key in 'zh' locale messages. @ http://localhost:2889/node_modules/.vite/deps/vue-i18n.js?v=88d4cd7b:123
[19278252ms] [WARNING] [intlify] Not found 'crud.viewBtn' key in 'zh' locale messages. @ http://localhost:2889/node_modules/.vite/deps/vue-i18n.js?v=88d4cd7b:123
[19278252ms] [WARNING] [intlify] Not found 'crud.editBtn' key in 'zh' locale messages. @ http://localhost:2889/node_modules/.vite/deps/vue-i18n.js?v=88d4cd7b:123
[19278253ms] [WARNING] [intlify] Not found 'crud.editBtn' key in 'zh' locale messages. @ http://localhost:2889/node_modules/.vite/deps/vue-i18n.js?v=88d4cd7b:123
[19278253ms] [WARNING] [intlify] Not found 'crud.delBtn' key in 'zh' locale messages. @ http://localhost:2889/node_modules/.vite/deps/vue-i18n.js?v=88d4cd7b:123
[19278253ms] [WARNING] [intlify] Not found 'crud.delBtn' key in 'zh' locale messages. @ http://localhost:2889/node_modules/.vite/deps/vue-i18n.js?v=88d4cd7b:123
[19278254ms] [WARNING] [intlify] Not found 'crud.viewBtn' key in 'zh' locale messages. @ http://localhost:2889/node_modules/.vite/deps/vue-i18n.js?v=88d4cd7b:123
[19278255ms] [WARNING] [intlify] Not found 'crud.viewBtn' key in 'zh' locale messages. @ http://localhost:2889/node_modules/.vite/deps/vue-i18n.js?v=88d4cd7b:123
[19278255ms] [WARNING] [intlify] Not found 'crud.editBtn' key in 'zh' locale messages. @ http://localhost:2889/node_modules/.vite/deps/vue-i18n.js?v=88d4cd7b:123
[19278256ms] [WARNING] [intlify] Not found 'crud.editBtn' key in 'zh' locale messages. @ http://localhost:2889/node_modules/.vite/deps/vue-i18n.js?v=88d4cd7b:123
[19278256ms] [WARNING] [intlify] Not found 'crud.delBtn' key in 'zh' locale messages. @ http://localhost:2889/node_modules/.vite/deps/vue-i18n.js?v=88d4cd7b:123
[19278257ms] [WARNING] [intlify] Not found 'crud.delBtn' key in 'zh' locale messages. @ http://localhost:2889/node_modules/.vite/deps/vue-i18n.js?v=88d4cd7b:123
[19278258ms] [WARNING] [intlify] Not found 'crud.viewBtn' key in 'zh' locale messages. @ http://localhost:2889/node_modules/.vite/deps/vue-i18n.js?v=88d4cd7b:123
[19278258ms] [WARNING] [intlify] Not found 'crud.viewBtn' key in 'zh' locale messages. @ http://localhost:2889/node_modules/.vite/deps/vue-i18n.js?v=88d4cd7b:123
[19278258ms] [WARNING] [intlify] Not found 'crud.editBtn' key in 'zh' locale messages. @ http://localhost:2889/node_modules/.vite/deps/vue-i18n.js?v=88d4cd7b:123
[19278259ms] [WARNING] [intlify] Not found 'crud.editBtn' key in 'zh' locale messages. @ http://localhost:2889/node_modules/.vite/deps/vue-i18n.js?v=88d4cd7b:123
[19278259ms] [WARNING] [intlify] Not found 'crud.delBtn' key in 'zh' locale messages. @ http://localhost:2889/node_modules/.vite/deps/vue-i18n.js?v=88d4cd7b:123
[19278259ms] [WARNING] [intlify] Not found 'crud.delBtn' key in 'zh' locale messages. @ http://localhost:2889/node_modules/.vite/deps/vue-i18n.js?v=88d4cd7b:123
[19278260ms] [WARNING] [intlify] Not found 'crud.viewBtn' key in 'zh' locale messages. @ http://localhost:2889/node_modules/.vite/deps/vue-i18n.js?v=88d4cd7b:123
[19278260ms] [WARNING] [intlify] Not found 'crud.viewBtn' key in 'zh' locale messages. @ http://localhost:2889/node_modules/.vite/deps/vue-i18n.js?v=88d4cd7b:123
[19278260ms] [WARNING] [intlify] Not found 'crud.editBtn' key in 'zh' locale messages. @ http://localhost:2889/node_modules/.vite/deps/vue-i18n.js?v=88d4cd7b:123
[19278260ms] [WARNING] [intlify] Not found 'crud.editBtn' key in 'zh' locale messages. @ http://localhost:2889/node_modules/.vite/deps/vue-i18n.js?v=88d4cd7b:123
[19278261ms] [WARNING] [intlify] Not found 'crud.delBtn' key in 'zh' locale messages. @ http://localhost:2889/node_modules/.vite/deps/vue-i18n.js?v=88d4cd7b:123
[19278261ms] [WARNING] [intlify] Not found 'crud.delBtn' key in 'zh' locale messages. @ http://localhost:2889/node_modules/.vite/deps/vue-i18n.js?v=88d4cd7b:123
[19278261ms] [WARNING] [intlify] Not found 'crud.viewBtn' key in 'zh' locale messages. @ http://localhost:2889/node_modules/.vite/deps/vue-i18n.js?v=88d4cd7b:123
[19278262ms] [WARNING] [intlify] Not found 'crud.viewBtn' key in 'zh' locale messages. @ http://localhost:2889/node_modules/.vite/deps/vue-i18n.js?v=88d4cd7b:123
[19278262ms] [WARNING] [intlify] Not found 'crud.editBtn' key in 'zh' locale messages. @ http://localhost:2889/node_modules/.vite/deps/vue-i18n.js?v=88d4cd7b:123
[19278262ms] [WARNING] [intlify] Not found 'crud.editBtn' key in 'zh' locale messages. @ http://localhost:2889/node_modules/.vite/deps/vue-i18n.js?v=88d4cd7b:123
[19278262ms] [WARNING] [intlify] Not found 'crud.delBtn' key in 'zh' locale messages. @ http://localhost:2889/node_modules/.vite/deps/vue-i18n.js?v=88d4cd7b:123
[19278263ms] [WARNING] [intlify] Not found 'crud.delBtn' key in 'zh' locale messages. @ http://localhost:2889/node_modules/.vite/deps/vue-i18n.js?v=88d4cd7b:123
[19278263ms] [WARNING] [intlify] Not found 'crud.viewBtn' key in 'zh' locale messages. @ http://localhost:2889/node_modules/.vite/deps/vue-i18n.js?v=88d4cd7b:123
[19278264ms] [WARNING] [intlify] Not found 'crud.viewBtn' key in 'zh' locale messages. @ http://localhost:2889/node_modules/.vite/deps/vue-i18n.js?v=88d4cd7b:123
[19278264ms] [WARNING] [intlify] Not found 'crud.editBtn' key in 'zh' locale messages. @ http://localhost:2889/node_modules/.vite/deps/vue-i18n.js?v=88d4cd7b:123
[19278264ms] [WARNING] [intlify] Not found 'crud.editBtn' key in 'zh' locale messages. @ http://localhost:2889/node_modules/.vite/deps/vue-i18n.js?v=88d4cd7b:123
[19278264ms] [WARNING] [intlify] Not found 'crud.delBtn' key in 'zh' locale messages. @ http://localhost:2889/node_modules/.vite/deps/vue-i18n.js?v=88d4cd7b:123
[19278264ms] [WARNING] [intlify] Not found 'crud.delBtn' key in 'zh' locale messages. @ http://localhost:2889/node_modules/.vite/deps/vue-i18n.js?v=88d4cd7b:123
[19278265ms] [WARNING] [intlify] Not found 'crud.viewBtn' key in 'zh' locale messages. @ http://localhost:2889/node_modules/.vite/deps/vue-i18n.js?v=88d4cd7b:123
[19278265ms] [WARNING] [intlify] Not found 'crud.viewBtn' key in 'zh' locale messages. @ http://localhost:2889/node_modules/.vite/deps/vue-i18n.js?v=88d4cd7b:123
[19278266ms] [WARNING] [intlify] Not found 'crud.editBtn' key in 'zh' locale messages. @ http://localhost:2889/node_modules/.vite/deps/vue-i18n.js?v=88d4cd7b:123
[19278266ms] [WARNING] [intlify] Not found 'crud.editBtn' key in 'zh' locale messages. @ http://localhost:2889/node_modules/.vite/deps/vue-i18n.js?v=88d4cd7b:123
[19278266ms] [WARNING] [intlify] Not found 'crud.delBtn' key in 'zh' locale messages. @ http://localhost:2889/node_modules/.vite/deps/vue-i18n.js?v=88d4cd7b:123
[19278267ms] [WARNING] [intlify] Not found 'crud.delBtn' key in 'zh' locale messages. @ http://localhost:2889/node_modules/.vite/deps/vue-i18n.js?v=88d4cd7b:123
[19278267ms] [WARNING] [intlify] Not found 'crud.viewBtn' key in 'zh' locale messages. @ http://localhost:2889/node_modules/.vite/deps/vue-i18n.js?v=88d4cd7b:123
[19278267ms] [WARNING] [intlify] Not found 'crud.viewBtn' key in 'zh' locale messages. @ http://localhost:2889/node_modules/.vite/deps/vue-i18n.js?v=88d4cd7b:123
[19278268ms] [WARNING] [intlify] Not found 'crud.editBtn' key in 'zh' locale messages. @ http://localhost:2889/node_modules/.vite/deps/vue-i18n.js?v=88d4cd7b:123
[19278268ms] [WARNING] [intlify] Not found 'crud.editBtn' key in 'zh' locale messages. @ http://localhost:2889/node_modules/.vite/deps/vue-i18n.js?v=88d4cd7b:123
[19278269ms] [WARNING] [intlify] Not found 'crud.delBtn' key in 'zh' locale messages. @ http://localhost:2889/node_modules/.vite/deps/vue-i18n.js?v=88d4cd7b:123
[19278269ms] [WARNING] [intlify] Not found 'crud.delBtn' key in 'zh' locale messages. @ http://localhost:2889/node_modules/.vite/deps/vue-i18n.js?v=88d4cd7b:123
[19278284ms] [WARNING] [intlify] Not found 'crud.viewBtn' key in 'zh' locale messages. @ http://localhost:2889/node_modules/.vite/deps/vue-i18n.js?v=88d4cd7b:123
[19278285ms] [WARNING] [intlify] Not found 'crud.viewBtn' key in 'zh' locale messages. @ http://localhost:2889/node_modules/.vite/deps/vue-i18n.js?v=88d4cd7b:123
[19278285ms] [WARNING] [intlify] Not found 'crud.editBtn' key in 'zh' locale messages. @ http://localhost:2889/node_modules/.vite/deps/vue-i18n.js?v=88d4cd7b:123
[19278285ms] [WARNING] [intlify] Not found 'crud.editBtn' key in 'zh' locale messages. @ http://localhost:2889/node_modules/.vite/deps/vue-i18n.js?v=88d4cd7b:123
[19278286ms] [WARNING] [intlify] Not found 'crud.delBtn' key in 'zh' locale messages. @ http://localhost:2889/node_modules/.vite/deps/vue-i18n.js?v=88d4cd7b:123
[19278286ms] [WARNING] [intlify] Not found 'crud.delBtn' key in 'zh' locale messages. @ http://localhost:2889/node_modules/.vite/deps/vue-i18n.js?v=88d4cd7b:123
[19278287ms] [WARNING] [intlify] Not found 'crud.viewBtn' key in 'zh' locale messages. @ http://localhost:2889/node_modules/.vite/deps/vue-i18n.js?v=88d4cd7b:123
[19278287ms] [WARNING] [intlify] Not found 'crud.viewBtn' key in 'zh' locale messages. @ http://localhost:2889/node_modules/.vite/deps/vue-i18n.js?v=88d4cd7b:123
[19278288ms] [WARNING] [intlify] Not found 'crud.editBtn' key in 'zh' locale messages. @ http://localhost:2889/node_modules/.vite/deps/vue-i18n.js?v=88d4cd7b:123
[19278288ms] [WARNING] [intlify] Not found 'crud.editBtn' key in 'zh' locale messages. @ http://localhost:2889/node_modules/.vite/deps/vue-i18n.js?v=88d4cd7b:123
[19278288ms] [WARNING] [intlify] Not found 'crud.delBtn' key in 'zh' locale messages. @ http://localhost:2889/node_modules/.vite/deps/vue-i18n.js?v=88d4cd7b:123
[19278288ms] [WARNING] [intlify] Not found 'crud.delBtn' key in 'zh' locale messages. @ http://localhost:2889/node_modules/.vite/deps/vue-i18n.js?v=88d4cd7b:123
[19278289ms] [WARNING] [intlify] Not found 'crud.viewBtn' key in 'zh' locale messages. @ http://localhost:2889/node_modules/.vite/deps/vue-i18n.js?v=88d4cd7b:123
[19278289ms] [WARNING] [intlify] Not found 'crud.viewBtn' key in 'zh' locale messages. @ http://localhost:2889/node_modules/.vite/deps/vue-i18n.js?v=88d4cd7b:123
[19278289ms] [WARNING] [intlify] Not found 'crud.editBtn' key in 'zh' locale messages. @ http://localhost:2889/node_modules/.vite/deps/vue-i18n.js?v=88d4cd7b:123
[19278289ms] [WARNING] [intlify] Not found 'crud.editBtn' key in 'zh' locale messages. @ http://localhost:2889/node_modules/.vite/deps/vue-i18n.js?v=88d4cd7b:123
[19278290ms] [WARNING] [intlify] Not found 'crud.delBtn' key in 'zh' locale messages. @ http://localhost:2889/node_modules/.vite/deps/vue-i18n.js?v=88d4cd7b:123
[19278290ms] [WARNING] [intlify] Not found 'crud.delBtn' key in 'zh' locale messages. @ http://localhost:2889/node_modules/.vite/deps/vue-i18n.js?v=88d4cd7b:123
[19278291ms] [WARNING] [intlify] Not found 'crud.viewBtn' key in 'zh' locale messages. @ http://localhost:2889/node_modules/.vite/deps/vue-i18n.js?v=88d4cd7b:123
[19278291ms] [WARNING] [intlify] Not found 'crud.viewBtn' key in 'zh' locale messages. @ http://localhost:2889/node_modules/.vite/deps/vue-i18n.js?v=88d4cd7b:123
[19278291ms] [WARNING] [intlify] Not found 'crud.editBtn' key in 'zh' locale messages. @ http://localhost:2889/node_modules/.vite/deps/vue-i18n.js?v=88d4cd7b:123
[19278291ms] [WARNING] [intlify] Not found 'crud.editBtn' key in 'zh' locale messages. @ http://localhost:2889/node_modules/.vite/deps/vue-i18n.js?v=88d4cd7b:123
[19278291ms] [WARNING] [intlify] Not found 'crud.delBtn' key in 'zh' locale messages. @ http://localhost:2889/node_modules/.vite/deps/vue-i18n.js?v=88d4cd7b:123
[19278292ms] [WARNING] [intlify] Not found 'crud.delBtn' key in 'zh' locale messages. @ http://localhost:2889/node_modules/.vite/deps/vue-i18n.js?v=88d4cd7b:123
[19278292ms] [WARNING] [intlify] Not found 'crud.viewBtn' key in 'zh' locale messages. @ http://localhost:2889/node_modules/.vite/deps/vue-i18n.js?v=88d4cd7b:123
[19278292ms] [WARNING] [intlify] Not found 'crud.viewBtn' key in 'zh' locale messages. @ http://localhost:2889/node_modules/.vite/deps/vue-i18n.js?v=88d4cd7b:123
[19278293ms] [WARNING] [intlify] Not found 'crud.editBtn' key in 'zh' locale messages. @ http://localhost:2889/node_modules/.vite/deps/vue-i18n.js?v=88d4cd7b:123
[19278293ms] [WARNING] [intlify] Not found 'crud.editBtn' key in 'zh' locale messages. @ http://localhost:2889/node_modules/.vite/deps/vue-i18n.js?v=88d4cd7b:123
[19278293ms] [WARNING] [intlify] Not found 'crud.delBtn' key in 'zh' locale messages. @ http://localhost:2889/node_modules/.vite/deps/vue-i18n.js?v=88d4cd7b:123
[19278293ms] [WARNING] [intlify] Not found 'crud.delBtn' key in 'zh' locale messages. @ http://localhost:2889/node_modules/.vite/deps/vue-i18n.js?v=88d4cd7b:123
[19278294ms] [WARNING] [intlify] Not found 'crud.viewBtn' key in 'zh' locale messages. @ http://localhost:2889/node_modules/.vite/deps/vue-i18n.js?v=88d4cd7b:123
[19278294ms] [WARNING] [intlify] Not found 'crud.viewBtn' key in 'zh' locale messages. @ http://localhost:2889/node_modules/.vite/deps/vue-i18n.js?v=88d4cd7b:123
[19278294ms] [WARNING] [intlify] Not found 'crud.editBtn' key in 'zh' locale messages. @ http://localhost:2889/node_modules/.vite/deps/vue-i18n.js?v=88d4cd7b:123
[19278294ms] [WARNING] [intlify] Not found 'crud.editBtn' key in 'zh' locale messages. @ http://localhost:2889/node_modules/.vite/deps/vue-i18n.js?v=88d4cd7b:123
[19278295ms] [WARNING] [intlify] Not found 'crud.delBtn' key in 'zh' locale messages. @ http://localhost:2889/node_modules/.vite/deps/vue-i18n.js?v=88d4cd7b:123
[19278295ms] [WARNING] [intlify] Not found 'crud.delBtn' key in 'zh' locale messages. @ http://localhost:2889/node_modules/.vite/deps/vue-i18n.js?v=88d4cd7b:123
[19278295ms] [WARNING] [intlify] Not found 'crud.viewBtn' key in 'zh' locale messages. @ http://localhost:2889/node_modules/.vite/deps/vue-i18n.js?v=88d4cd7b:123
[19278296ms] [WARNING] [intlify] Not found 'crud.viewBtn' key in 'zh' locale messages. @ http://localhost:2889/node_modules/.vite/deps/vue-i18n.js?v=88d4cd7b:123
[19278296ms] [WARNING] [intlify] Not found 'crud.editBtn' key in 'zh' locale messages. @ http://localhost:2889/node_modules/.vite/deps/vue-i18n.js?v=88d4cd7b:123
[19278296ms] [WARNING] [intlify] Not found 'crud.editBtn' key in 'zh' locale messages. @ http://localhost:2889/node_modules/.vite/deps/vue-i18n.js?v=88d4cd7b:123
[19278296ms] [WARNING] [intlify] Not found 'crud.delBtn' key in 'zh' locale messages. @ http://localhost:2889/node_modules/.vite/deps/vue-i18n.js?v=88d4cd7b:123
[19278297ms] [WARNING] [intlify] Not found 'crud.delBtn' key in 'zh' locale messages. @ http://localhost:2889/node_modules/.vite/deps/vue-i18n.js?v=88d4cd7b:123
[19278297ms] [WARNING] [intlify] Not found 'crud.viewBtn' key in 'zh' locale messages. @ http://localhost:2889/node_modules/.vite/deps/vue-i18n.js?v=88d4cd7b:123
[19278297ms] [WARNING] [intlify] Not found 'crud.viewBtn' key in 'zh' locale messages. @ http://localhost:2889/node_modules/.vite/deps/vue-i18n.js?v=88d4cd7b:123
[19278298ms] [WARNING] [intlify] Not found 'crud.editBtn' key in 'zh' locale messages. @ http://localhost:2889/node_modules/.vite/deps/vue-i18n.js?v=88d4cd7b:123
[19278298ms] [WARNING] [intlify] Not found 'crud.editBtn' key in 'zh' locale messages. @ http://localhost:2889/node_modules/.vite/deps/vue-i18n.js?v=88d4cd7b:123
[19278298ms] [WARNING] [intlify] Not found 'crud.delBtn' key in 'zh' locale messages. @ http://localhost:2889/node_modules/.vite/deps/vue-i18n.js?v=88d4cd7b:123
[19278298ms] [WARNING] [intlify] Not found 'crud.delBtn' key in 'zh' locale messages. @ http://localhost:2889/node_modules/.vite/deps/vue-i18n.js?v=88d4cd7b:123
[19278299ms] [WARNING] [intlify] Not found 'crud.viewBtn' key in 'zh' locale messages. @ http://localhost:2889/node_modules/.vite/deps/vue-i18n.js?v=88d4cd7b:123
[19278299ms] [WARNING] [intlify] Not found 'crud.viewBtn' key in 'zh' locale messages. @ http://localhost:2889/node_modules/.vite/deps/vue-i18n.js?v=88d4cd7b:123
[19278299ms] [WARNING] [intlify] Not found 'crud.editBtn' key in 'zh' locale messages. @ http://localhost:2889/node_modules/.vite/deps/vue-i18n.js?v=88d4cd7b:123
[19278299ms] [WARNING] [intlify] Not found 'crud.editBtn' key in 'zh' locale messages. @ http://localhost:2889/node_modules/.vite/deps/vue-i18n.js?v=88d4cd7b:123
[19278300ms] [WARNING] [intlify] Not found 'crud.delBtn' key in 'zh' locale messages. @ http://localhost:2889/node_modules/.vite/deps/vue-i18n.js?v=88d4cd7b:123
[19278300ms] [WARNING] [intlify] Not found 'crud.delBtn' key in 'zh' locale messages. @ http://localhost:2889/node_modules/.vite/deps/vue-i18n.js?v=88d4cd7b:123
[19278301ms] [WARNING] [intlify] Not found 'crud.viewBtn' key in 'zh' locale messages. @ http://localhost:2889/node_modules/.vite/deps/vue-i18n.js?v=88d4cd7b:123
[19278301ms] [WARNING] [intlify] Not found 'crud.viewBtn' key in 'zh' locale messages. @ http://localhost:2889/node_modules/.vite/deps/vue-i18n.js?v=88d4cd7b:123
[19278301ms] [WARNING] [intlify] Not found 'crud.editBtn' key in 'zh' locale messages. @ http://localhost:2889/node_modules/.vite/deps/vue-i18n.js?v=88d4cd7b:123
[19278302ms] [WARNING] [intlify] Not found 'crud.editBtn' key in 'zh' locale messages. @ http://localhost:2889/node_modules/.vite/deps/vue-i18n.js?v=88d4cd7b:123
[19278302ms] [WARNING] [intlify] Not found 'crud.delBtn' key in 'zh' locale messages. @ http://localhost:2889/node_modules/.vite/deps/vue-i18n.js?v=88d4cd7b:123
[19278302ms] [WARNING] [intlify] Not found 'crud.delBtn' key in 'zh' locale messages. @ http://localhost:2889/node_modules/.vite/deps/vue-i18n.js?v=88d4cd7b:123
[19278303ms] [WARNING] [intlify] Not found 'crud.viewBtn' key in 'zh' locale messages. @ http://localhost:2889/node_modules/.vite/deps/vue-i18n.js?v=88d4cd7b:123
[19278303ms] [WARNING] [intlify] Not found 'crud.viewBtn' key in 'zh' locale messages. @ http://localhost:2889/node_modules/.vite/deps/vue-i18n.js?v=88d4cd7b:123
[19278303ms] [WARNING] [intlify] Not found 'crud.editBtn' key in 'zh' locale messages. @ http://localhost:2889/node_modules/.vite/deps/vue-i18n.js?v=88d4cd7b:123
[19278303ms] [WARNING] [intlify] Not found 'crud.editBtn' key in 'zh' locale messages. @ http://localhost:2889/node_modules/.vite/deps/vue-i18n.js?v=88d4cd7b:123
[19278304ms] [WARNING] [intlify] Not found 'crud.delBtn' key in 'zh' locale messages. @ http://localhost:2889/node_modules/.vite/deps/vue-i18n.js?v=88d4cd7b:123
[19278304ms] [WARNING] [intlify] Not found 'crud.delBtn' key in 'zh' locale messages. @ http://localhost:2889/node_modules/.vite/deps/vue-i18n.js?v=88d4cd7b:123
[19278305ms] [WARNING] [intlify] Not found 'crud.viewBtn' key in 'zh' locale messages. @ http://localhost:2889/node_modules/.vite/deps/vue-i18n.js?v=88d4cd7b:123
[19278305ms] [WARNING] [intlify] Not found 'crud.viewBtn' key in 'zh' locale messages. @ http://localhost:2889/node_modules/.vite/deps/vue-i18n.js?v=88d4cd7b:123
[19278305ms] [WARNING] [intlify] Not found 'crud.editBtn' key in 'zh' locale messages. @ http://localhost:2889/node_modules/.vite/deps/vue-i18n.js?v=88d4cd7b:123
[19278306ms] [WARNING] [intlify] Not found 'crud.editBtn' key in 'zh' locale messages. @ http://localhost:2889/node_modules/.vite/deps/vue-i18n.js?v=88d4cd7b:123
[19278306ms] [WARNING] [intlify] Not found 'crud.delBtn' key in 'zh' locale messages. @ http://localhost:2889/node_modules/.vite/deps/vue-i18n.js?v=88d4cd7b:123
[19278306ms] [WARNING] [intlify] Not found 'crud.delBtn' key in 'zh' locale messages. @ http://localhost:2889/node_modules/.vite/deps/vue-i18n.js?v=88d4cd7b:123
[19278307ms] [WARNING] [intlify] Not found 'crud.viewBtn' key in 'zh' locale messages. @ http://localhost:2889/node_modules/.vite/deps/vue-i18n.js?v=88d4cd7b:123
[19278307ms] [WARNING] [intlify] Not found 'crud.viewBtn' key in 'zh' locale messages. @ http://localhost:2889/node_modules/.vite/deps/vue-i18n.js?v=88d4cd7b:123
[19278308ms] [WARNING] [intlify] Not found 'crud.editBtn' key in 'zh' locale messages. @ http://localhost:2889/node_modules/.vite/deps/vue-i18n.js?v=88d4cd7b:123
[19278308ms] [WARNING] [intlify] Not found 'crud.editBtn' key in 'zh' locale messages. @ http://localhost:2889/node_modules/.vite/deps/vue-i18n.js?v=88d4cd7b:123
[19278308ms] [WARNING] [intlify] Not found 'crud.delBtn' key in 'zh' locale messages. @ http://localhost:2889/node_modules/.vite/deps/vue-i18n.js?v=88d4cd7b:123
[19278308ms] [WARNING] [intlify] Not found 'crud.delBtn' key in 'zh' locale messages. @ http://localhost:2889/node_modules/.vite/deps/vue-i18n.js?v=88d4cd7b:123
[19278309ms] [WARNING] [intlify] Not found 'crud.viewBtn' key in 'zh' locale messages. @ http://localhost:2889/node_modules/.vite/deps/vue-i18n.js?v=88d4cd7b:123
[19278309ms] [WARNING] [intlify] Not found 'crud.viewBtn' key in 'zh' locale messages. @ http://localhost:2889/node_modules/.vite/deps/vue-i18n.js?v=88d4cd7b:123
[19278309ms] [WARNING] [intlify] Not found 'crud.editBtn' key in 'zh' locale messages. @ http://localhost:2889/node_modules/.vite/deps/vue-i18n.js?v=88d4cd7b:123
[19278309ms] [WARNING] [intlify] Not found 'crud.editBtn' key in 'zh' locale messages. @ http://localhost:2889/node_modules/.vite/deps/vue-i18n.js?v=88d4cd7b:123
[19278310ms] [WARNING] [intlify] Not found 'crud.delBtn' key in 'zh' locale messages. @ http://localhost:2889/node_modules/.vite/deps/vue-i18n.js?v=88d4cd7b:123
[19278310ms] [WARNING] [intlify] Not found 'crud.delBtn' key in 'zh' locale messages. @ http://localhost:2889/node_modules/.vite/deps/vue-i18n.js?v=88d4cd7b:123
[19278310ms] [WARNING] [intlify] Not found 'crud.viewBtn' key in 'zh' locale messages. @ http://localhost:2889/node_modules/.vite/deps/vue-i18n.js?v=88d4cd7b:123
[19278311ms] [WARNING] [intlify] Not found 'crud.viewBtn' key in 'zh' locale messages. @ http://localhost:2889/node_modules/.vite/deps/vue-i18n.js?v=88d4cd7b:123
[19278311ms] [WARNING] [intlify] Not found 'crud.editBtn' key in 'zh' locale messages. @ http://localhost:2889/node_modules/.vite/deps/vue-i18n.js?v=88d4cd7b:123
[19278311ms] [WARNING] [intlify] Not found 'crud.editBtn' key in 'zh' locale messages. @ http://localhost:2889/node_modules/.vite/deps/vue-i18n.js?v=88d4cd7b:123
[19278311ms] [WARNING] [intlify] Not found 'crud.delBtn' key in 'zh' locale messages. @ http://localhost:2889/node_modules/.vite/deps/vue-i18n.js?v=88d4cd7b:123
[19278312ms] [WARNING] [intlify] Not found 'crud.delBtn' key in 'zh' locale messages. @ http://localhost:2889/node_modules/.vite/deps/vue-i18n.js?v=88d4cd7b:123
[19278312ms] [WARNING] [intlify] Not found 'crud.viewBtn' key in 'zh' locale messages. @ http://localhost:2889/node_modules/.vite/deps/vue-i18n.js?v=88d4cd7b:123
[19278312ms] [WARNING] [intlify] Not found 'crud.viewBtn' key in 'zh' locale messages. @ http://localhost:2889/node_modules/.vite/deps/vue-i18n.js?v=88d4cd7b:123
[19278313ms] [WARNING] [intlify] Not found 'crud.editBtn' key in 'zh' locale messages. @ http://localhost:2889/node_modules/.vite/deps/vue-i18n.js?v=88d4cd7b:123
[19278313ms] [WARNING] [intlify] Not found 'crud.editBtn' key in 'zh' locale messages. @ http://localhost:2889/node_modules/.vite/deps/vue-i18n.js?v=88d4cd7b:123
[19278313ms] [WARNING] [intlify] Not found 'crud.delBtn' key in 'zh' locale messages. @ http://localhost:2889/node_modules/.vite/deps/vue-i18n.js?v=88d4cd7b:123
[19278313ms] [WARNING] [intlify] Not found 'crud.delBtn' key in 'zh' locale messages. @ http://localhost:2889/node_modules/.vite/deps/vue-i18n.js?v=88d4cd7b:123
[19278314ms] [WARNING] [intlify] Not found 'crud.viewBtn' key in 'zh' locale messages. @ http://localhost:2889/node_modules/.vite/deps/vue-i18n.js?v=88d4cd7b:123
[19278314ms] [WARNING] [intlify] Not found 'crud.viewBtn' key in 'zh' locale messages. @ http://localhost:2889/node_modules/.vite/deps/vue-i18n.js?v=88d4cd7b:123
[19278315ms] [WARNING] [intlify] Not found 'crud.editBtn' key in 'zh' locale messages. @ http://localhost:2889/node_modules/.vite/deps/vue-i18n.js?v=88d4cd7b:123
[19278315ms] [WARNING] [intlify] Not found 'crud.editBtn' key in 'zh' locale messages. @ http://localhost:2889/node_modules/.vite/deps/vue-i18n.js?v=88d4cd7b:123
[19278315ms] [WARNING] [intlify] Not found 'crud.delBtn' key in 'zh' locale messages. @ http://localhost:2889/node_modules/.vite/deps/vue-i18n.js?v=88d4cd7b:123
[19278315ms] [WARNING] [intlify] Not found 'crud.delBtn' key in 'zh' locale messages. @ http://localhost:2889/node_modules/.vite/deps/vue-i18n.js?v=88d4cd7b:123
[19278316ms] [WARNING] [intlify] Not found 'crud.viewBtn' key in 'zh' locale messages. @ http://localhost:2889/node_modules/.vite/deps/vue-i18n.js?v=88d4cd7b:123
[19278316ms] [WARNING] [intlify] Not found 'crud.viewBtn' key in 'zh' locale messages. @ http://localhost:2889/node_modules/.vite/deps/vue-i18n.js?v=88d4cd7b:123
[19278317ms] [WARNING] [intlify] Not found 'crud.editBtn' key in 'zh' locale messages. @ http://localhost:2889/node_modules/.vite/deps/vue-i18n.js?v=88d4cd7b:123
[19278317ms] [WARNING] [intlify] Not found 'crud.editBtn' key in 'zh' locale messages. @ http://localhost:2889/node_modules/.vite/deps/vue-i18n.js?v=88d4cd7b:123
[19278317ms] [WARNING] [intlify] Not found 'crud.delBtn' key in 'zh' locale messages. @ http://localhost:2889/node_modules/.vite/deps/vue-i18n.js?v=88d4cd7b:123
[19278317ms] [WARNING] [intlify] Not found 'crud.delBtn' key in 'zh' locale messages. @ http://localhost:2889/node_modules/.vite/deps/vue-i18n.js?v=88d4cd7b:123
[19278318ms] [WARNING] [intlify] Not found 'crud.viewBtn' key in 'zh' locale messages. @ http://localhost:2889/node_modules/.vite/deps/vue-i18n.js?v=88d4cd7b:123
[19278318ms] [WARNING] [intlify] Not found 'crud.viewBtn' key in 'zh' locale messages. @ http://localhost:2889/node_modules/.vite/deps/vue-i18n.js?v=88d4cd7b:123
[19278318ms] [WARNING] [intlify] Not found 'crud.editBtn' key in 'zh' locale messages. @ http://localhost:2889/node_modules/.vite/deps/vue-i18n.js?v=88d4cd7b:123
[19278319ms] [WARNING] [intlify] Not found 'crud.editBtn' key in 'zh' locale messages. @ http://localhost:2889/node_modules/.vite/deps/vue-i18n.js?v=88d4cd7b:123
[19278319ms] [WARNING] [intlify] Not found 'crud.delBtn' key in 'zh' locale messages. @ http://localhost:2889/node_modules/.vite/deps/vue-i18n.js?v=88d4cd7b:123
[19278319ms] [WARNING] [intlify] Not found 'crud.delBtn' key in 'zh' locale messages. @ http://localhost:2889/node_modules/.vite/deps/vue-i18n.js?v=88d4cd7b:123
[19278320ms] [WARNING] [intlify] Not found 'crud.viewBtn' key in 'zh' locale messages. @ http://localhost:2889/node_modules/.vite/deps/vue-i18n.js?v=88d4cd7b:123
[19278320ms] [WARNING] [intlify] Not found 'crud.viewBtn' key in 'zh' locale messages. @ http://localhost:2889/node_modules/.vite/deps/vue-i18n.js?v=88d4cd7b:123
[19278321ms] [WARNING] [intlify] Not found 'crud.editBtn' key in 'zh' locale messages. @ http://localhost:2889/node_modules/.vite/deps/vue-i18n.js?v=88d4cd7b:123
[19278321ms] [WARNING] [intlify] Not found 'crud.editBtn' key in 'zh' locale messages. @ http://localhost:2889/node_modules/.vite/deps/vue-i18n.js?v=88d4cd7b:123
[19278321ms] [WARNING] [intlify] Not found 'crud.delBtn' key in 'zh' locale messages. @ http://localhost:2889/node_modules/.vite/deps/vue-i18n.js?v=88d4cd7b:123
[19278321ms] [WARNING] [intlify] Not found 'crud.delBtn' key in 'zh' locale messages. @ http://localhost:2889/node_modules/.vite/deps/vue-i18n.js?v=88d4cd7b:123
[19278322ms] [WARNING] [intlify] Not found 'crud.viewBtn' key in 'zh' locale messages. @ http://localhost:2889/node_modules/.vite/deps/vue-i18n.js?v=88d4cd7b:123
[19278322ms] [WARNING] [intlify] Not found 'crud.viewBtn' key in 'zh' locale messages. @ http://localhost:2889/node_modules/.vite/deps/vue-i18n.js?v=88d4cd7b:123
[19278323ms] [WARNING] [intlify] Not found 'crud.editBtn' key in 'zh' locale messages. @ http://localhost:2889/node_modules/.vite/deps/vue-i18n.js?v=88d4cd7b:123
[19278323ms] [WARNING] [intlify] Not found 'crud.editBtn' key in 'zh' locale messages. @ http://localhost:2889/node_modules/.vite/deps/vue-i18n.js?v=88d4cd7b:123
[19278323ms] [WARNING] [intlify] Not found 'crud.delBtn' key in 'zh' locale messages. @ http://localhost:2889/node_modules/.vite/deps/vue-i18n.js?v=88d4cd7b:123
[19278323ms] [WARNING] [intlify] Not found 'crud.delBtn' key in 'zh' locale messages. @ http://localhost:2889/node_modules/.vite/deps/vue-i18n.js?v=88d4cd7b:123
[19278324ms] [WARNING] [intlify] Not found 'crud.viewBtn' key in 'zh' locale messages. @ http://localhost:2889/node_modules/.vite/deps/vue-i18n.js?v=88d4cd7b:123
[19278324ms] [WARNING] [intlify] Not found 'crud.viewBtn' key in 'zh' locale messages. @ http://localhost:2889/node_modules/.vite/deps/vue-i18n.js?v=88d4cd7b:123
[19278324ms] [WARNING] [intlify] Not found 'crud.editBtn' key in 'zh' locale messages. @ http://localhost:2889/node_modules/.vite/deps/vue-i18n.js?v=88d4cd7b:123
[19278324ms] [WARNING] [intlify] Not found 'crud.editBtn' key in 'zh' locale messages. @ http://localhost:2889/node_modules/.vite/deps/vue-i18n.js?v=88d4cd7b:123
[19278325ms] [WARNING] [intlify] Not found 'crud.delBtn' key in 'zh' locale messages. @ http://localhost:2889/node_modules/.vite/deps/vue-i18n.js?v=88d4cd7b:123
[19278325ms] [WARNING] [intlify] Not found 'crud.delBtn' key in 'zh' locale messages. @ http://localhost:2889/node_modules/.vite/deps/vue-i18n.js?v=88d4cd7b:123
[19278325ms] [WARNING] [intlify] Not found 'crud.viewBtn' key in 'zh' locale messages. @ http://localhost:2889/node_modules/.vite/deps/vue-i18n.js?v=88d4cd7b:123
[19278325ms] [WARNING] [intlify] Not found 'crud.viewBtn' key in 'zh' locale messages. @ http://localhost:2889/node_modules/.vite/deps/vue-i18n.js?v=88d4cd7b:123
[19278326ms] [WARNING] [intlify] Not found 'crud.editBtn' key in 'zh' locale messages. @ http://localhost:2889/node_modules/.vite/deps/vue-i18n.js?v=88d4cd7b:123
[19278326ms] [WARNING] [intlify] Not found 'crud.editBtn' key in 'zh' locale messages. @ http://localhost:2889/node_modules/.vite/deps/vue-i18n.js?v=88d4cd7b:123
[19278326ms] [WARNING] [intlify] Not found 'crud.delBtn' key in 'zh' locale messages. @ http://localhost:2889/node_modules/.vite/deps/vue-i18n.js?v=88d4cd7b:123
[19278326ms] [WARNING] [intlify] Not found 'crud.delBtn' key in 'zh' locale messages. @ http://localhost:2889/node_modules/.vite/deps/vue-i18n.js?v=88d4cd7b:123
[19278327ms] [WARNING] [intlify] Not found 'crud.viewBtn' key in 'zh' locale messages. @ http://localhost:2889/node_modules/.vite/deps/vue-i18n.js?v=88d4cd7b:123
[19278327ms] [WARNING] [intlify] Not found 'crud.viewBtn' key in 'zh' locale messages. @ http://localhost:2889/node_modules/.vite/deps/vue-i18n.js?v=88d4cd7b:123
[19278327ms] [WARNING] [intlify] Not found 'crud.editBtn' key in 'zh' locale messages. @ http://localhost:2889/node_modules/.vite/deps/vue-i18n.js?v=88d4cd7b:123
[19278327ms] [WARNING] [intlify] Not found 'crud.editBtn' key in 'zh' locale messages. @ http://localhost:2889/node_modules/.vite/deps/vue-i18n.js?v=88d4cd7b:123
[19278328ms] [WARNING] [intlify] Not found 'crud.delBtn' key in 'zh' locale messages. @ http://localhost:2889/node_modules/.vite/deps/vue-i18n.js?v=88d4cd7b:123
[19278328ms] [WARNING] [intlify] Not found 'crud.delBtn' key in 'zh' locale messages. @ http://localhost:2889/node_modules/.vite/deps/vue-i18n.js?v=88d4cd7b:123
[19278328ms] [WARNING] [intlify] Not found 'crud.viewBtn' key in 'zh' locale messages. @ http://localhost:2889/node_modules/.vite/deps/vue-i18n.js?v=88d4cd7b:123
[19278328ms] [WARNING] [intlify] Not found 'crud.viewBtn' key in 'zh' locale messages. @ http://localhost:2889/node_modules/.vite/deps/vue-i18n.js?v=88d4cd7b:123
[19278329ms] [WARNING] [intlify] Not found 'crud.editBtn' key in 'zh' locale messages. @ http://localhost:2889/node_modules/.vite/deps/vue-i18n.js?v=88d4cd7b:123
[19278329ms] [WARNING] [intlify] Not found 'crud.editBtn' key in 'zh' locale messages. @ http://localhost:2889/node_modules/.vite/deps/vue-i18n.js?v=88d4cd7b:123
[19278329ms] [WARNING] [intlify] Not found 'crud.delBtn' key in 'zh' locale messages. @ http://localhost:2889/node_modules/.vite/deps/vue-i18n.js?v=88d4cd7b:123
[19278329ms] [WARNING] [intlify] Not found 'crud.delBtn' key in 'zh' locale messages. @ http://localhost:2889/node_modules/.vite/deps/vue-i18n.js?v=88d4cd7b:123
[19278330ms] [WARNING] [intlify] Not found 'crud.viewBtn' key in 'zh' locale messages. @ http://localhost:2889/node_modules/.vite/deps/vue-i18n.js?v=88d4cd7b:123
[19278330ms] [WARNING] [intlify] Not found 'crud.viewBtn' key in 'zh' locale messages. @ http://localhost:2889/node_modules/.vite/deps/vue-i18n.js?v=88d4cd7b:123
[19278331ms] [WARNING] [intlify] Not found 'crud.editBtn' key in 'zh' locale messages. @ http://localhost:2889/node_modules/.vite/deps/vue-i18n.js?v=88d4cd7b:123
[19278331ms] [WARNING] [intlify] Not found 'crud.editBtn' key in 'zh' locale messages. @ http://localhost:2889/node_modules/.vite/deps/vue-i18n.js?v=88d4cd7b:123
[19278331ms] [WARNING] [intlify] Not found 'crud.delBtn' key in 'zh' locale messages. @ http://localhost:2889/node_modules/.vite/deps/vue-i18n.js?v=88d4cd7b:123
[19278331ms] [WARNING] [intlify] Not found 'crud.delBtn' key in 'zh' locale messages. @ http://localhost:2889/node_modules/.vite/deps/vue-i18n.js?v=88d4cd7b:123
